izvajalec,naslov,datum_izida,leto,mesec,zanri,ocena,st_recenzij,platforme
Kendrick Lamar,To Pimp a Butterfly,2015-03-15,2015,3.0,"Conscious Hip Hop, Jazz Rap, West Coast Hip Hop, Political Hip Hop Funk, Neo-Soul, Poetry, Jazz Fusion",95,47,"Amazon, Amazon (Vinyl), Apple Music, SoundCloud, Spotify"
The Beatles,Revolver,1966-08-05,1966,8.0,"Pop Rock, Psychedelic Pop Psychedelic Rock, Experimental Rock, Art Rock, Raga Rock",100,9,"Amazon, Amazon (Vinyl), Apple Music, Spotify"
Prince,"Sign ""☮︎"" the Times",1987-03-31,1987,3.0,"Contemporary R&B Synth Funk, Pop Rock, Minneapolis Sound, Progressive Soul, Psychedelic Soul",99,9,"Amazon, Apple Music, Spotify"
The Beatles,Abbey Road,1969-09-26,1969,9.0,"Pop Rock Progressive Pop, Psychedelic Pop, Art Pop, Blues Rock",100,8,"Amazon, Amazon (Vinyl), Apple Music, Spotify"
Nick Cave and the Bad Seeds,Ghosteen,2019-10-04,2019,10.0,"Singer-Songwriter Spoken Word, New Age, Ambient",93,37,"Amazon, Apple Music, Spotify"
The Beatles,Rubber Soul,1965-12-03,1965,12.0,"Pop Rock Folk Rock, Psychedelic Pop, Folk Pop, British Rhythm & Blues",100,8,"Amazon, Amazon (Vinyl), Apple Music, Spotify"
Kendrick Lamar,DAMN.,2017-04-14,2017,4.0,"Conscious Hip Hop, West Coast Hip Hop Pop Rap, Trap, Contemporary R&B, Political Hip Hop",93,44,"Amazon, Amazon (Vinyl), Apple Music, SoundCloud, Spotify"
Fiona Apple,Fetch the Bolt Cutters,2020-04-17,2020,4.0,"Art Pop, Singer-Songwriter, Progressive Pop Piano Rock, Jazz Pop, Rhythm and Blues, Cabaret, Experimental Rock",93,35,"Amazon, Amazon (Vinyl), Apple Music, SoundCloud, Spotify"
Eno,Another Green World,1975-11-14,1975,11.0,"Art Rock, Ambient Electronic, Art Pop",99,8,"Amazon, Amazon (Vinyl), Apple Music, Spotify"
Public Enemy,It Takes a Nation of Millions to Hold Us Back,1988-06-28,1988,6.0,"Hardcore Hip Hop, East Coast Hip Hop, Conscious Hip Hop, Political Hip Hop Turntablism, Experimental Hip Hop",99,8,"Amazon, Apple Music, SoundCloud, Spotify"
ROSALÍA,LUX,2025-11-07,2025,11.0,"Art Pop, Classical Crossover, Orchestral Flamenco Pop, Singer-Songwriter, Latin Alternative",93,24,"Amazon, Amazon (Vinyl), Apple Music, SoundCloud, Spotify"
Pixies,Doolittle,1989-04-17,1989,4.0,"Alternative Rock, Indie Rock Surf Rock, Noise Pop",100,7,"Amazon, Amazon (Vinyl), Apple Music, SoundCloud, Spotify"
Led Zeppelin,Led Zeppelin IV,1971-11-08,1971,11.0,"Hard Rock Folk Rock, Blues Rock, Progressive Rock",100,7,"Amazon, Amazon (Vinyl), Apple Music, Spotify"
David Bowie,The Rise and Fall of Ziggy Stardust and the Spiders from Mars,1972-06-16,1972,6.0,"Glam Rock, Pop Rock Rock Opera, Hard Rock, Art Rock",100,7,"Amazon, Amazon (Vinyl), Apple Music, Spotify"
Bob Dylan,Highway 61 Revisited,1965-08-30,1965,8.0,"Folk Rock, Singer-Songwriter Blues Rock, Contemporary Folk",100,7,"Amazon, Apple Music, SoundCloud, Spotify"
Fleetwood Mac,Rumours,1977-02-04,1977,2.0,"Pop Rock, Soft Rock Folk Pop",100,7,"Amazon, Amazon (Vinyl), Apple Music, Spotify"
Paul Simon,Graceland,1986-08-12,1986,8.0,"Pop Rock, Singer-Songwriter Folk Pop, Mbaqanga, Folk Rock, Soukous, Zydeco",100,7,"Amazon, Apple Music, Spotify"
D'Angelo and The Vanguard,Black Messiah,2014-12-15,2014,12.0,"Neo-Soul, Progressive Soul Psychedelic Soul, Funk Rock, Funk, Psychedelic Rock",92,32,"Amazon, Amazon (Vinyl), Apple Music, Spotify"
Radiohead,OK Computer,1997-05-21,1997,5.0,"Alternative Rock, Art Rock Space Rock Revival, Post-Britpop",95,15,"Amazon, Amazon (Vinyl), Apple Music, Bandcamp, SoundCloud, Spotify"
Pink Floyd,The Dark Side of the Moon,1973-03-01,1973,3.0,"Art Rock, Progressive Rock, Psychedelic Rock Space Rock",97,9,"Amazon, Amazon (Vinyl), Apple Music, SoundCloud, Spotify"
Pixies,Surfer Rosa,1988-03-21,1988,3.0,"Indie Rock, Alternative Rock Noise Rock, Post-Hardcore",99,8,"Amazon, Amazon (Vinyl), Apple Music, Spotify"
Prince and The Revolution,Purple Rain,1984-06-25,1984,6.0,"Pop Rock, Synth Funk Dance-Pop, Funk Rock, Synthpop, Minneapolis Sound",95,12,"Amazon, Amazon (Vinyl), Apple Music, Spotify"
Wu-Tang Clan,Enter the Wu-Tang (36 Chambers),1993-11-09,1993,11.0,"Hardcore Hip Hop, Boom Bap, East Coast Hip Hop Gangsta Rap",98,8,"Amazon, Amazon (Vinyl), Apple Music, SoundCloud, Spotify"
Sufjan Stevens,Illinois,2005-07-04,2005,7.0,"Chamber Pop, Singer-Songwriter Chamber Folk, Progressive Pop, Indie Folk, Folk Pop, Art Pop",92,28,"Amazon, Amazon (Vinyl), Apple Music, Bandcamp, SoundCloud, Spotify"
Kanye West,My Beautiful Dark Twisted Fantasy,2010-11-22,2010,11.0,"Pop Rap Art Pop, Experimental Hip Hop",91,47,"Amazon, Amazon (Vinyl), Apple Music, SoundCloud, Spotify"
Nick Cave & The Bad Seeds,Skeleton Tree,2016-09-09,2016,9.0,"Singer-Songwriter, Art Rock Ambient, Drone, Spoken Word",91,40,"Amazon, Apple Music, Spotify"
Steely Dan,Aja,1977-09-23,1977,9.0,"Jazz-Rock, Yacht Rock Funk Rock, Pop Rock, Jazz Fusion",99,7,"Amazon, Apple Music, SoundCloud, Spotify"
Self Esteem,Prioritise Pleasure,2021-10-22,2021,10.0,"Electropop, Alt-Pop Art Pop, Contemporary R&B, Spoken Word, Pop Soul",93,17,"Amazon, Amazon (Vinyl), Apple Music, Spotify"
The Beatles,Sgt. Pepper's Lonely Hearts Club Band,1967-05-26,1967,5.0,"Psychedelic Pop, Pop Rock Psychedelic Rock, Baroque Pop, Art Rock, Sunshine Pop, Toytown Pop",99,7,"Amazon, Amazon (Vinyl), Apple Music, Spotify"
The Beatles,The Beatles,1968-11-22,1968,11.0,"Rock Blues Rock, Hard Rock, Psychedelic Rock, Folk Rock, Art Rock",96,10,"Amazon, Amazon (Vinyl), Apple Music, Spotify"
The Smiths,The Queen Is Dead,1986-06-16,1986,6.0,"Jangle Pop, Indie Pop Post-Punk",100,6,"Amazon, Amazon (Vinyl), Apple Music, Spotify"
Metallica,Master of Puppets,1986-03-03,1986,3.0,Thrash Metal Progressive Metal,100,6,"Amazon, Amazon (Vinyl), Apple Music, SoundCloud, Spotify"
Bob Dylan,Blood on the Tracks,1975-01-20,1975,1.0,"Folk Rock, Singer-Songwriter Contemporary Folk",100,6,"Amazon, Amazon (Vinyl), SoundCloud, Spotify"
Miles Davis,Kind of Blue,1959-08-17,1959,8.0,"Cool Jazz, Modal Jazz",100,6,"Amazon, Apple Music, SoundCloud, Spotify"
Leonard Cohen,Songs of Leonard Cohen,1967-12-27,1967,12.0,"Contemporary Folk, Singer-Songwriter Chamber Folk",100,6,"Amazon, Apple Music, Spotify"
Patti Smith,Horses,1975-11-10,1975,11.0,"Art Rock, Proto-Punk, Singer-Songwriter Garage Rock, Poetry, Glam Rock, Glam Punk",100,6,"Amazon, Apple Music, SoundCloud, Spotify"
Animal Collective,Merriweather Post Pavilion,2009-01-06,2009,1.0,"Neo-Psychedelia, Indietronica, Psychedelic Pop Art Pop, Sunshine Pop, Ambient Pop",91,39,"Amazon, Amazon (Vinyl), Apple Music, Bandcamp, SoundCloud, Spotify"
The Cure,Songs of a Lost World,2024-11-01,2024,11.0,"Gothic Rock, Alternative Rock Dream Pop, Ethereal Wave, Post-Rock",91,34,"Amazon, Amazon (Vinyl), Apple Music, Spotify"
Television,Marquee Moon,1977-02-08,1977,2.0,"Post-Punk, Art Punk, Art Rock Glam Punk, Glam Rock",100,6,"Amazon, Amazon (Vinyl), Apple Music, Spotify"
Brian Wilson,SMiLE,2004-09-28,2004,9.0,"Baroque Pop, Psychedelic Pop Sunshine Pop, Progressive Pop, Sound Effects",92,19,"Amazon, Spotify"
Lorde,Melodrama,2017-06-16,2017,6.0,"Alt-Pop, Synthpop Electropop, Art Pop, Dance-Pop, Singer-Songwriter",91,43,"Amazon, Amazon (Vinyl), Apple Music, SoundCloud, Spotify"
Prince,Dirty Mind,1980-10-08,1980,10.0,"Minneapolis Sound New Wave, Dance-Pop, Pop Rock",97,8,"Amazon, Apple Music, Spotify"
Little Simz,Sometimes I Might Be Introvert,2021-09-03,2021,9.0,"Conscious Hip Hop, UK Hip Hop Orchestral, Jazz Rap, Neo-Soul",91,38,"Amazon, Amazon (Vinyl), Apple Music, SoundCloud, Spotify"
Beyoncé,Lemonade,2016-04-23,2016,4.0,"Contemporary R&B Pop Soul, Alternative R&B, Pop Rap, Art Pop",91,40,"Amazon, Apple Music, SoundCloud, Spotify"
Sufjan Stevens,Carrie & Lowell,2015-03-31,2015,3.0,"Singer-Songwriter, Indie Folk Chamber Folk, Ambient Pop",91,48,"Amazon, Amazon (Vinyl), Apple Music, Bandcamp, Spotify"
Tom Waits,Rain Dogs,1985-09-30,1985,9.0,"Experimental Rock, Singer-Songwriter, Dark Cabaret Blues Rock, Beat Poetry, Jazz-Rock",99,6,"Amazon, Apple Music, Spotify"
Frank Ocean,channel ORANGE,2012-07-10,2012,7.0,"Alternative R&B, Contemporary R&B, Neo-Soul Psychedelic Soul",90,44,"Amazon, Apple Music, SoundCloud, Spotify"
Talking Heads,Remain in Light,1980-10-08,1980,10.0,"New Wave, Post-Punk Afrobeat, Dance-Punk, Funk, Mutant Disco, Experimental Rock",97,7,"Amazon, Amazon (Vinyl), Apple Music, SoundCloud, Spotify"
Marvin Gaye,What's Going On,1971-05-21,1971,5.0,Progressive Soul Smooth Soul,97,7,"Amazon, Amazon (Vinyl), Apple Music, SoundCloud, Spotify"
The Stooges,Fun House,1970-07-07,1970,7.0,"Garage Rock, Proto-Punk, Hard Rock Noise Rock, Free Jazz",97,7,"Amazon, Apple Music, SoundCloud, Spotify"
Michael Jackson,Thriller,1982-11-30,1982,11.0,"Dance-Pop, Contemporary R&B Disco, Synth Funk, Pop Soul, Funk",97,7,"Amazon, Amazon (Vinyl), Apple Music, SoundCloud, Spotify"
Burial,Untrue,2007-11-06,2007,11.0,"Future Garage, Dubstep Ambient, 2-Step, Hauntology",92,17,"Amazon, Amazon (Vinyl), Apple Music, Bandcamp, Spotify"
DJ Shadow,Endtroducing.....,1996-09-16,1996,9.0,"Instrumental Hip Hop, Plunderphonics Sampledelia, Trip Hop, Turntablism, Experimental Hip Hop",92,14,"Amazon, Amazon (Vinyl), Apple Music, Spotify"
De La Soul,3 Feet High and Rising,1989-02-06,1989,2.0,"East Coast Hip Hop Sampledelia, Jazz Rap, Boom Bap, Turntablism, Conscious Hip Hop",95,9,"Amazon, Apple Music, Bandcamp, SoundCloud, Spotify"
Arcade Fire,Funeral,2004-09-14,2004,9.0,"Indie Rock, Chamber Pop Post-Punk Revival, Art Pop",91,24,"Amazon, Amazon (Vinyl), Apple Music, Spotify"
Perfume Genius,Set My Heart On Fire Immediately,2020-05-15,2020,5.0,"Art Pop, Chamber Pop Ambient Pop, Art Rock",90,32,"Amazon, Amazon (Vinyl), Apple Music, Bandcamp, Spotify"
Michael Jackson,Off the Wall,1979-08-10,1979,8.0,"Disco Pop Soul, Funk, Contemporary R&B, Boogie, Dance-Pop",99,6,"Amazon, Amazon (Vinyl), SoundCloud, Spotify"
The Beatles,A Hard Day's Night,1964-08-11,1964,8.0,"Merseybeat, Pop Rock Rock & Roll, Folk Pop",96,8,"Amazon, Apple Music, Spotify"
Stevie Wonder,Innervisions,1973-08-03,1973,8.0,"Progressive Soul Funk, Smooth Soul, Psychedelic Soul",99,6,"Amazon, Apple Music, Spotify"
Joni Mitchell,Court and Spark,1974-01-17,1974,1.0,"Singer-Songwriter, Folk Pop Soft Rock, Jazz Pop",99,6,"Amazon, Apple Music, SoundCloud, Spotify"
David Bowie,Hunky Dory,1971-12-17,1971,12.0,"Pop Rock, Glam Rock, Art Rock Piano Rock, Art Pop, Baroque Pop, Singer-Songwriter",99,6,"Amazon, Amazon (Vinyl), Apple Music, Spotify"
Kendrick Lamar,"good kid, m.A.A.d city",2012-10-22,2012,10.0,"West Coast Hip Hop, Conscious Hip Hop Hardcore Hip Hop, Pop Rap, Trap, Gangsta Rap",90,33,"Amazon, Amazon (Vinyl), Apple Music, SoundCloud, Spotify"
Wilco,Yankee Hotel Foxtrot,2001-09-18,2001,9.0,"Indie Rock, Art Rock Americana, Alt-Country",91,17,"Amazon, Amazon (Vinyl), Apple Music, Bandcamp, SoundCloud, Spotify"
For Those I Love,For Those I Love,2021-03-26,2021,3.0,"Spoken Word, Progressive House Conscious Hip Hop, Downtempo, UK Garage",91,17,"Amazon, Amazon (Vinyl), Apple Music, Spotify"
The Magnetic Fields,69 Love Songs,1999-09-07,1999,9.0,"Indie Pop Chamber Pop, Alt-Country, Twee Pop, Indie Folk, Synthpop",91,15,"Amazon, Bandcamp, SoundCloud, Spotify"
AC/DC,Back in Black,1980-07-25,1980,7.0,Hard Rock Blues Rock,95,8,"Amazon, SoundCloud, Spotify"
The Velvet Underground & Nico,The Velvet Underground & Nico,1967-03-12,1967,3.0,"Art Rock, Experimental Rock Garage Rock, Proto-Punk, Noise Rock, Psychedelic Rock",100,5,"Amazon, Amazon (Vinyl), Apple Music, Spotify"
Pink Floyd,Wish You Were Here,1975-09-12,1975,9.0,"Progressive Rock, Art Rock Psychedelic Rock, Space Rock",100,5,"Amazon, Amazon (Vinyl), Apple Music, Spotify"
U2,The Joshua Tree,1987-03-09,1987,3.0,"Pop Rock, Alternative Rock, Big Music Heartland Rock, Post-Punk",100,5,"Amazon, Apple Music, SoundCloud, Spotify"
The Beach Boys,Pet Sounds,1966-05-16,1966,5.0,"Baroque Pop Sunshine Pop, Psychedelic Pop, Brill Building, Progressive Pop",100,5,"Amazon, Amazon (Vinyl), Apple Music, SoundCloud, Spotify"
Stevie Wonder,Songs in the Key of Life,1976-09-28,1976,9.0,"Soul, Progressive Soul Funk, Pop Soul, Smooth Soul",100,5,"Amazon, Amazon (Vinyl), Apple Music, SoundCloud, Spotify"
Grateful Dead,American Beauty,,1970,,"Country Rock, Folk Rock Bluegrass, Americana",100,5,"Amazon, Spotify"
Santana,Abraxas,1970-09-23,1970,9.0,"Latin Rock Psychedelic Rock, Blues Rock, Jazz-Rock",100,5,"Amazon, Spotify"
Joni Mitchell,Blue,1971-06-22,1971,6.0,"Singer-Songwriter, Contemporary Folk Folk Pop",100,5,"Amazon, Amazon (Vinyl), Apple Music, SoundCloud, Spotify"
Big Star,3rd,1978-03-18,1978,3.0,"Pop Rock Art Rock, Baroque Pop, Folk Pop",100,5,"Amazon, Spotify"
Elvis Presley,Elvis Presley,1956-03-13,1956,3.0,"Rock & Roll, Rockabilly",100,5,"Amazon, Spotify"
Charli xcx,BRAT,2024-06-07,2024,6.0,"Electropop, Electronic Dance Music Bubblegum Bass, Dance-Pop, Electro House",90,30,"Amazon, Amazon (Vinyl), Apple Music, SoundCloud, Spotify"
Nick Drake,Five Leaves Left,1969-07-03,1969,7.0,"Chamber Folk, Singer-Songwriter Contemporary Folk",98,6,"Amazon, Apple Music, SoundCloud, Spotify"
Mount Eerie,A Crow Looked at Me,2017-03-24,2017,3.0,"Singer-Songwriter, Indie Folk Slowcore",90,20,"Amazon, Apple Music, Bandcamp, Spotify"
Run The Jewels,RTJ4,2020-06-03,2020,6.0,"Hardcore Hip Hop, Political Hip Hop Experimental Hip Hop",89,36,"Amazon, Amazon (Vinyl), Apple Music, SoundCloud, Spotify"
Massive Attack,Blue Lines,1991-04-08,1991,4.0,"Trip Hop Dub, Soul, UK Hip Hop, Downtempo",96,7,"Amazon, Spotify"
Talking Heads,Fear of Music,1979-08-03,1979,8.0,"Post-Punk, New Wave, Art Punk Funk Rock, Dance-Punk, Mutant Disco",96,7,"Amazon, Amazon (Vinyl), Apple Music, Spotify"
Nick Drake,Pink Moon,1972-02-25,1972,2.0,"Singer-Songwriter, Contemporary Folk Folk Baroque",96,7,"Amazon, Amazon (Vinyl), Apple Music, Spotify"
Hayley Williams,Ego Death At A Bachelorette Party,2025-08-28,2025,8.0,"Alternative Rock, Indie Rock Singer-Songwriter, Trip Hop, Alt-Pop, Pop Rock",92,12,"Amazon, Amazon (Vinyl), Apple Music, Spotify"
Bruce Springsteen,Born to Run,1975-08-25,1975,8.0,"Heartland Rock Singer-Songwriter, Piano Rock",97,6,"Amazon, SoundCloud, Spotify"
Leonard Cohen,You Want It Darker,2016-10-21,2016,10.0,"Singer-Songwriter, Chamber Folk Contemporary Folk, Jewish Music",89,32,"Amazon, Spotify"
Fontaines D.C.,Romance,2024-08-23,2024,8.0,"Indie Rock Post-Britpop, Post-Punk Revival, Dream Pop, Jangle Pop, Gothic Rock",89,39,"Amazon, Amazon (Vinyl), Apple Music, Bandcamp, Spotify"
Bruce Springsteen,Born in the U.S.A.,1984-06-04,1984,6.0,"Heartland Rock, Pop Rock Big Music",97,6,"Amazon, SoundCloud, Spotify"
Sleater-Kinney,No Cities to Love,2015-01-20,2015,1.0,"Indie Rock, Punk Rock",89,46,"Amazon, Amazon (Vinyl), Spotify"
Bruce Springsteen,Tunnel of Love,1987-10-09,1987,10.0,"Pop Rock, Singer-Songwriter, Heartland Rock Sophisti-Pop",99,5,"Amazon, Spotify"
Soundgarden,Superunknown,1994-03-08,1994,3.0,"Grunge, Alternative Rock Alternative Metal, Hard Rock, Stoner Rock, Psychedelic Rock",97,7,"Amazon, Apple Music, Spotify"
Led Zeppelin,Led Zeppelin II,1969-10-22,1969,10.0,"Hard Rock, Blues Rock",97,6,"Amazon, Apple Music, Spotify"
R.E.M.,Automatic for the People,1992-10-05,1992,10.0,"Alternative Rock, Pop Rock Folk Rock, Jangle Pop, Art Rock",97,6,"Amazon, Apple Music, Spotify"
Wire,Pink Flag,1977-11-25,1977,11.0,"Punk Rock, Art Punk Post-Punk, Indie Rock",97,6,"Amazon, Apple Music, SoundCloud, Spotify"
Oasis,Definitely Maybe,1994-08-29,1994,8.0,"Britpop, Alternative Rock Neo-Psychedelia, Shoegaze",94,8,"Amazon, Apple Music, Spotify"
CMAT,EURO-COUNTRY,2025-08-29,2025,8.0,"Country Pop, Pop Rock, Soft Rock Indie Rock, Urban Cowboy, Singer-Songwriter",89,25,"Amazon, Amazon (Vinyl), Apple Music, Spotify"
OutKast,Stankonia,2000-10-31,2000,10.0,"Southern Hip Hop Funk, Experimental Hip Hop, Pop Rap, Conscious Hip Hop, Dirty South",89,15,"Amazon, Apple Music, SoundCloud, Spotify"
Beck,Odelay,1996-06-18,1996,6.0,"Alternative Rock, Rap Rock, Neo-Psychedelia Abstract Hip Hop, Alt-Country, Turntablism, Sampledelia, Experimental Hip Hop",92,10,"Amazon, Apple Music, Spotify"
Tom Waits,"Orphans: Brawlers, Bawlers & Bastards",2006-11-21,2006,11.0,"Singer-Songwriter, Blues Rock, Folk Rock Dark Cabaret, Experimental Rock, Beat Poetry, Spoken Word",89,21,"Amazon, Apple Music, Spotify"
Pulp,Different Class,1995-10-30,1995,10.0,"Britpop Glam Rock, New Wave, Art Rock",92,11,"Amazon, Apple Music, Spotify"
Tricky,Maxinquaye,1995-02-20,1995,2.0,"Trip Hop Dub, UK Hip Hop, Post-Industrial, Neo-Psychedelia",92,11,"Amazon, Apple Music, Spotify"
JAŸ-Z,Reasonable Doubt,1996-06-25,1996,6.0,"Gangsta Rap, Boom Bap, East Coast Hip Hop Jazz Rap",96,6,"Amazon, Apple Music, Spotify"
Bob Dylan,Rough and Rowdy Ways,2020-06-19,2020,6.0,"Singer-Songwriter, Americana Blues Rock, Chamber Folk",89,31,"Amazon, Amazon (Vinyl), Apple Music, Spotify"
Portishead,Dummy,1994-08-22,1994,8.0,"Trip Hop Dark Jazz, Acid Jazz, Illbient, Turntablism, Spy Music",92,10,"Amazon, Amazon (Vinyl), Apple Music, Spotify"
Nas,Illmatic,1994-04-19,1994,4.0,"Boom Bap, East Coast Hip Hop, Hardcore Hip Hop Jazz Rap, Conscious Hip Hop",95,7,"Amazon, Amazon (Vinyl), Apple Music, SoundCloud, Spotify"
Led Zeppelin,Led Zeppelin,1969-01-12,1969,1.0,"Hard Rock, Blues Rock Psychedelic Rock",98,5,"Amazon, Apple Music, Spotify"
Bob Dylan,The Freewheelin' Bob Dylan,1963-05-27,1963,5.0,"Contemporary Folk, Singer-Songwriter American Folk Music",98,5,"Amazon, Apple Music, SoundCloud, Spotify"
Grateful Dead,Workingman's Dead,1970-06-14,1970,6.0,"Folk Rock, Country Rock Blues Rock, Roots Rock, Psychedelic Folk",98,5,"Amazon, Spotify"
Curtis Mayfield,Superfly,1972-07-11,1972,7.0,"Funk, Chicago Soul, Progressive Soul Psychedelic Soul",98,5,"Amazon, Apple Music, Spotify"
Björk,Homogenic,1997-09-22,1997,9.0,"Art Pop, Electronic Trip Hop, Glitch Pop, IDM, Chamber Pop",91,13,"Amazon, Amazon (Vinyl), Apple Music, Bandcamp, Spotify"
Corinne Bailey Rae,Black Rainbows,2023-09-15,2023,9.0,"Art Pop, Art Rock, Jazz Fusion, Psychedelic Soul Garage Rock Revival, Vocal Jazz",91,13,"Amazon, Amazon (Vinyl), Apple Music, Spotify"
FKA twigs,MAGDALENE,2019-11-08,2019,11.0,"Art Pop, Glitch Pop Deconstructed Club, Alternative R&B, Ambient Pop",88,36,"Amazon, Amazon (Vinyl), Apple Music, SoundCloud, Spotify"
Dizzee Rascal,Boy in da Corner,2003-07-21,2003,7.0,"Grime, UK Hip Hop Experimental Hip Hop",89,20,"Amazon, Spotify"
Beastie Boys,Paul's Boutique,1989-07-25,1989,7.0,"East Coast Hip Hop Experimental Hip Hop, Plunderphonics, Sampledelia, Mid-School Hip Hop, Funk",95,7,"Amazon, Amazon (Vinyl), Apple Music, Spotify"
Spiritualized®,Ladies and gentlemen we are floating in space,1997-06-16,1997,6.0,"Space Rock Revival, Art Rock, Neo-Psychedelia Symphonic Rock, Dream Pop, Post-Rock, Ambient Pop",91,12,"Amazon, Apple Music, Bandcamp, Spotify"
Dr. Dre,The Chronic,1992-12-15,1992,12.0,"G-Funk, Gangsta Rap, West Coast Hip Hop Hardcore Hip Hop",96,6,"Amazon, Apple Music, Spotify"
Black Sabbath,Paranoid,1970-09-18,1970,9.0,"Heavy Metal, Hard Rock Traditional Doom Metal, Blues Rock, Heavy Psych, Occult Rock",96,6,"Amazon, Amazon (Vinyl), Apple Music, Spotify"
Elvis Costello & The Attractions,This Year's Model,1978-03-17,1978,3.0,"New Wave, Power Pop 2 Tone",98,5,"Amazon, Apple Music, SoundCloud, Spotify"
Carole King,Tapestry,1971-02-10,1971,2.0,"Soft Rock, Singer-Songwriter Folk Pop, Piano Rock",98,5,"Amazon, Apple Music, Spotify"
John Martyn,Solid Air,1973-02-01,1973,2.0,"Singer-Songwriter Contemporary Folk, Jazz-Rock",98,5,"Amazon, Spotify"
Swans,To Be Kind,2014-05-13,2014,5.0,"Post-Rock, Experimental Rock, Noise Rock Drone, Totalism, Krautrock",88,38,"Amazon, Amazon (Vinyl), Apple Music, Bandcamp, Spotify"
Mitski,The Land Is Inhospitable and So Are We,2023-09-15,2023,9.0,"Indie Folk, Singer-Songwriter, Chamber Pop Americana, Chamber Folk, Alt-Country, Art Pop, Dream Pop",88,34,"Amazon, Amazon (Vinyl), Apple Music, Bandcamp, Spotify"
PJ Harvey,Let England Shake,2011-02-14,2011,2.0,"Singer-Songwriter, Art Rock, Folk Rock Indie Folk, Chamber Pop, Art Pop",88,45,"Amazon, Apple Music, Spotify"
Nick Cave & Warren Ellis,CARNAGE,2021-02-25,2021,2.0,"Art Pop, Chamber Pop Ambient Pop, Art Rock",88,30,"Amazon, Apple Music, Spotify"
Deafheaven,Sunbather,2013-06-11,2013,6.0,"Blackgaze, Post-Black Metal Post-Rock, Shoegaze, Screamo",89,23,"Amazon, Amazon (Vinyl), Apple Music, Bandcamp, Spotify"
"Black Country, New Road",Ants From Up There,2022-02-04,2022,2.0,"Art Rock, Post-Rock, Chamber Pop Chamber Music, Indie Rock",88,34,"Amazon, Amazon (Vinyl), Apple Music, Bandcamp, SoundCloud, Spotify"
boygenius,the record,2023-03-31,2023,3.0,"Indie Folk, Indie Rock, Singer-Songwriter Pop Rock",88,40,"Amazon, Amazon (Vinyl), Apple Music, Bandcamp, Spotify"
Lucinda Williams,Car Wheels on a Gravel Road,1998-06-30,1998,6.0,"Alt-Country, Americana, Singer-Songwriter Roots Rock, Country Rock",91,11,"Amazon, Spotify"
IDLES,Joy as an Act of Resistance.,2018-08-31,2018,8.0,"Post-Punk, Post-Hardcore Noise Rock, Punk Rock, Art Punk",88,36,"Amazon, Amazon (Vinyl), Apple Music, Bandcamp, Spotify"
"Floating Points, Pharoah Sanders & The London Symphony Orchestra",Promises,2021-03-26,2021,3.0,"Post-Minimalism, Third Stream Progressive Electronic, Ambient, Minimalism",88,26,"Amazon, Amazon (Vinyl), Apple Music, Bandcamp, Spotify"
Joanna Newsom,Divers,2015-10-23,2015,10.0,"Chamber Folk, Singer-Songwriter Baroque Pop, Progressive Folk",88,44,"Amazon, Amazon (Vinyl), Bandcamp, SoundCloud"
Antony and the Johnsons,I Am a Bird Now,2005-02-01,2005,2.0,"Chamber Pop, Singer-Songwriter Art Pop, Soul",89,22,"Amazon, Spotify"
Phoebe Bridgers,Punisher,2020-06-18,2020,6.0,"Indie Folk, Singer-Songwriter Indie Rock, Chamber Folk, Psychedelic Folk",88,45,"Amazon, Amazon (Vinyl), Apple Music, Bandcamp, Spotify"
Kate Bush,Hounds of Love,1985-09-16,1985,9.0,"Art Pop, Progressive Pop Baroque Pop, Synthpop",96,6,"Amazon, Amazon (Vinyl), Apple Music, Spotify"
Sufjan Stevens,Javelin,2023-10-06,2023,10.0,"Indie Folk, Chamber Folk, Singer-Songwriter Folktronica",88,33,"Amazon, Amazon (Vinyl), Apple Music, Bandcamp, SoundCloud, Spotify"
Kendrick Lamar,Mr. Morale & The Big Steppers,2022-05-13,2022,5.0,"Conscious Hip Hop, West Coast Hip Hop Neo-Soul, Jazz Rap, Trap, Contemporary R&B, Pop Rap",88,36,"Amazon, Amazon (Vinyl), Apple Music, SoundCloud, Spotify"
Arcade Fire,The Suburbs,2010-08-02,2010,8.0,"Indie Rock Chamber Pop, Post-Punk Revival, Indie Pop, Art Rock, Heartland Rock",88,44,"Amazon, Amazon (Vinyl), Apple Music, Spotify"
Lauryn Hill,The Miseducation of Lauryn Hill,1998-08-25,1998,8.0,"Neo-Soul, Contemporary R&B, East Coast Hip Hop, Jazz Rap Conscious Hip Hop, Boom Bap, Hip Hop Soul",89,16,"Amazon, Amazon (Vinyl), Apple Music, Spotify"
Robyn,Honey,2018-10-26,2018,10.0,"Dance-Pop, Synthpop, Electropop, House Ambient House, Contemporary R&B, Deep House",88,30,"Amazon, Amazon (Vinyl), Apple Music, Spotify"
Taylor Swift,Red (Taylor's Version),2021-11-12,2021,11.0,"Pop Rock, Singer-Songwriter Folk Pop, Heartland Rock, Country Pop, Soft Rock, Folk Rock",89,18,"Amazon, Amazon (Vinyl), Apple Music, SoundCloud, Spotify"
Geese,Getting Killed,2025-09-26,2025,9.0,"Art Rock, Indie Rock Krautrock, Psychedelic Rock, Art Punk",88,28,"Amazon, Amazon (Vinyl), Apple Music, Bandcamp, SoundCloud, Spotify"
Laura Marling,Song For Our Daughter,2020-04-10,2020,4.0,"Singer-Songwriter, Contemporary Folk Chamber Folk",88,34,"Amazon, Apple Music, Spotify"
David Bowie,Low,1977-01-14,1977,1.0,"Art Rock, Ambient Electronic, Krautrock, Art Pop, Progressive Electronic",95,6,"Amazon, Amazon (Vinyl), Apple Music, SoundCloud, Spotify"
Funkadelic,Maggot Brain,1971-07-12,1971,7.0,"Funk Rock, Psychedelic Soul Psychedelic Rock, Progressive Soul",95,6,"Amazon, Amazon (Vinyl), Apple Music, Bandcamp, Spotify"
Blood Incantation,Hidden History of the Human Race,2019-11-22,2019,11.0,"Death Metal, Progressive Metal, Progressive Death Metal Technical Death Metal",92,9,"Amazon, Amazon (Vinyl), Apple Music, Bandcamp, Spotify"
The Flaming Lips,The Soft Bulletin,1999-05-17,1999,5.0,"Neo-Psychedelia, Psychedelic Pop Chamber Pop, Progressive Pop, Art Pop",91,11,"Amazon, Apple Music, Spotify"
EPMD,Strictly Business,1988-06-07,1988,6.0,"Boom Bap, East Coast Hip Hop Turntablism, Funk, Mid-School Hip Hop",97,5,"Amazon, Apple Music, Bandcamp, SoundCloud, Spotify"
Julia Holter,Have You in My Wilderness,2015-09-25,2015,9.0,"Art Pop, Chamber Pop Baroque Pop, Ambient Pop, Singer-Songwriter",88,37,"Amazon, Amazon (Vinyl), Apple Music, Bandcamp, Spotify"
Loretta Lynn,Van Lear Rose,2004-04-27,2004,4.0,"Alt-Country, Contemporary Country",88,21,"Amazon, Spotify"
Tom Petty and the Heartbreakers,Damn the Torpedoes,1979-10-19,1979,10.0,"Heartland Rock Rock & Roll, Roots Rock, Power Pop",94,7,"Amazon, Spotify"
Madvillain,Madvillainy,2004-03-23,2004,3.0,"Abstract Hip Hop, Experimental Hip Hop Jazz Rap, Instrumental Hip Hop, Sampledelia, Sound Collage",89,16,"Amazon, Amazon (Vinyl), Apple Music, Bandcamp, SoundCloud, Spotify"
Solange,A Seat at the Table,2016-09-30,2016,9.0,"Neo-Soul, Alternative R&B Art Pop, Spoken Word",88,32,"Amazon, Amazon (Vinyl), Apple Music, Spotify"
U2,Achtung Baby,1991-11-18,1991,11.0,"Alternative Rock Baggy, Alternative Dance",92,8,"Amazon, Apple Music, Spotify"
Willie Nelson,Red Headed Stranger,1975-05-26,1975,5.0,"Outlaw Country, Singer-Songwriter Contemporary Folk, Western",97,5,"Amazon, Spotify"
The Beatles,Help!,1965-08-06,1965,8.0,"Pop Rock Merseybeat, Folk Pop, Folk Rock",95,6,"Amazon, Apple Music, Spotify"
Neu!,Neu!,,1972,,"Krautrock Ambient, Field Recordings",95,6,"Amazon, Apple Music, Spotify"
The Streets,A Grand Don't Come For Free,2004-05-18,2004,5.0,UK Hip Hop UK Garage,88,20,"Amazon, Apple Music, Spotify"
Pavement,Slanted and Enchanted,1992-04-20,1992,4.0,"Slacker Rock, Indie Rock Noise Rock, Post-Punk",93,7,"Amazon, Apple Music, Bandcamp, Spotify"
TV on the Radio,Return to Cookie Mountain,2006-07-03,2006,7.0,"Indie Rock, Art Rock Psychedelic Soul, Experimental Rock, Noise Pop, Post-Punk Revival",88,28,"Amazon, Apple Music, Spotify"
Fleet Foxes,Fleet Foxes,2008-06-03,2008,6.0,"Chamber Folk, Indie Folk Baroque Pop, Folk Pop",88,29,"Amazon, Apple Music, Bandcamp, Spotify"
Fontaines D.C.,Dogrel,2019-04-12,2019,4.0,"Post-Punk Art Punk, Indie Rock, Garage Rock",88,26,"Amazon, Amazon (Vinyl), Apple Music, Spotify"
Caroline Polachek,"Desire, I Want to Turn Into You",2023-02-14,2023,2.0,"Art Pop, Alt-Pop Downtempo, Electropop",88,23,"Amazon, Amazon (Vinyl), Apple Music, Bandcamp, SoundCloud, Spotify"
Little Simz,GREY Area,2019-03-01,2019,3.0,"Conscious Hip Hop, UK Hip Hop Jazz Rap, Neo-Soul, Hardcore Hip Hop",88,21,"Amazon, Amazon (Vinyl), Apple Music, SoundCloud, Spotify"
Charles Lloyd,The Sky Will Still Be There Tomorrow,2024-03-15,2024,3.0,"Post-Bop ECM Style Jazz, Spiritual Jazz",93,7,"Amazon, Amazon (Vinyl), Apple Music, Spotify"
Magdalena Bay,Imaginal Disk,2024-08-23,2024,8.0,"Neo-Psychedelia, Synthpop Alternative Dance, Chillwave, Dance-Pop, Progressive Pop, Pop Rock",89,15,"Amazon, Amazon (Vinyl), Apple Music, Bandcamp, SoundCloud, Spotify"
my bloody valentine,loveless,1991-11-04,1991,11.0,"Shoegaze, Noise Pop Dream Pop, Neo-Psychedelia",91,10,"Amazon, Amazon (Vinyl), Spotify"
Bill Ryder-Jones,Iechyd Da,2024-01-12,2024,1.0,"Singer-Songwriter, Chamber Pop Indie Folk, Slowcore",88,17,"Amazon, Apple Music, Spotify"
OutKast,Aquemini,1998-09-29,1998,9.0,"Southern Hip Hop, Conscious Hip Hop Neo-Soul, Hardcore Hip Hop, Funk, Experimental Hip Hop",90,11,"Amazon, Amazon (Vinyl), Apple Music, Spotify"
Radiohead,In Rainbows,2007-10-10,2007,10.0,"Art Rock, Alternative Rock Dream Pop, Art Pop, Electronic",88,31,"Amazon, Amazon (Vinyl), Apple Music, Bandcamp, SoundCloud, Spotify"
Elvis Costello,My Aim Is True,1977-07-22,1977,7.0,"New Wave, Pub Rock Power Pop",93,9,"Amazon, Spotify"
Isaac Hayes,Hot Buttered Soul,,1969,,"Progressive Soul Spoken Word, Psychedelic Soul, Smooth Soul, Funk, Deep Soul",93,7,"Amazon, Amazon (Vinyl), Apple Music, Bandcamp, Spotify"
D'Angelo,Voodoo,2000-01-25,2000,1.0,"Neo-Soul Smooth Soul, Contemporary R&B, Funk, Psychedelic Soul, Progressive Soul",89,14,"Amazon, Apple Music, SoundCloud, Spotify"
Turnstile,GLOW ON,2021-08-27,2021,8.0,"Post-Hardcore, Hardcore Punk, Alternative Rock Dream Pop, Alternative Metal",88,20,"Amazon, Amazon (Vinyl), Apple Music, Spotify"
The Dismemberment Plan,Emergency & I,1999-10-26,1999,10.0,"Indie Rock, Post-Hardcore Math Rock, Emo, Post-Punk",91,9,"Amazon, Spotify"
Mdou Moctar,Funeral for Justice,2024-05-03,2024,5.0,"Tishoumaren, Psychedelic Rock Blues Rock, Heavy Psych",88,21,"Amazon, Amazon (Vinyl), Apple Music, Bandcamp, Spotify"
The Band,The Band,1969-09-22,1969,9.0,"Folk Rock, Country Rock, Roots Rock Americana",96,5,"Amazon, Apple Music, Spotify"
Miles Davis,Sketches of Spain,1960-07-18,1960,7.0,Third Stream Modal Jazz,96,5,"Amazon, Apple Music, Spotify"
George Harrison,All Things Must Pass,1970-11-27,1970,11.0,"Folk Rock, Pop Rock, Singer-Songwriter Psychedelic Pop, Jam Band",96,5,"Amazon, Apple Music, Spotify"
Mingus,The Black Saint and the Sinner Lady,,1963,,"Avant-Garde Jazz, Third Stream Flamenco Jazz, Ballet, Big Band",96,5,"Amazon, Amazon (Vinyl), Apple Music, SoundCloud, Spotify"
Public Enemy,Apocalypse 91... The Enemy Strikes Black,1991-10-03,1991,10.0,"Hardcore Hip Hop, East Coast Hip Hop, Political Hip Hop Turntablism",96,5,"Amazon, Apple Music, SoundCloud, Spotify"
Sly & the Family Stone,Stand!,1969-05-03,1969,5.0,"Psychedelic Soul, Funk, Progressive Soul Psychedelic Rock",96,5,"Amazon, Spotify"
PJ Harvey,To Bring You My Love,1995-02-27,1995,2.0,"Alternative Rock, Singer-Songwriter Art Rock, Blues Rock, Gothic Rock, Punk Blues",91,9,"Amazon, Apple Music, SoundCloud, Spotify"
Public Enemy,Fear of a Black Planet,1990-04-10,1990,4.0,"Political Hip Hop, Conscious Hip Hop, East Coast Hip Hop Boom Bap, Hardcore Hip Hop, Experimental Hip Hop",92,8,"Amazon, Apple Music, SoundCloud, Spotify"
Prince,1999,1982-10-27,1982,10.0,"Minneapolis Sound, Synth Funk Synthpop, Dance-Pop, Pop Rock",92,8,"Amazon, Apple Music, Spotify"
Dave,We're All Alone In This Together,2021-07-23,2021,7.0,"Conscious Hip Hop, UK Hip Hop Afrobeats, UK Drill, Grime",88,20,"Amazon, Apple Music, Spotify"
Little Simz,NO THANK YOU,2022-12-12,2022,12.0,"Conscious Hip Hop, UK Hip Hop Neo-Soul, Jazz Rap",88,19,"Amazon, Apple Music, SoundCloud, Spotify"
Beyoncé,RENAISSANCE,2022-07-29,2022,7.0,"House, Dance-Pop, Contemporary R&B Ballroom, Pop Rap, Afrobeats, Hip House, Nu-Disco",87,34,"Amazon, Amazon (Vinyl), Apple Music, Spotify"
XTC,Skylarking,1986-10-27,1986,10.0,"Neo-Psychedelia, Psychedelic Pop, Pop Rock Jangle Pop, Baroque Pop, Psychedelic Folk, New Wave",95,7,"Amazon, Apple Music, SoundCloud, Spotify"
Lana Del Rey,Norman Fucking Rockwell!,2019-08-30,2019,8.0,"Singer-Songwriter, Art Pop, Soft Rock Chamber Pop, Dream Pop, Neo-Psychedelia, Piano Rock",87,36,"Amazon, Amazon (Vinyl), Apple Music, SoundCloud, Spotify"
Green Day,Dookie,1994-02-01,1994,2.0,"Pop Punk Alternative Rock, Skate Punk",92,8,"Amazon, Amazon (Vinyl), Apple Music, SoundCloud, Spotify"
A Tribe Called Quest,We got it from Here... Thank You 4 Your service,2016-11-11,2016,11.0,"Jazz Rap, Conscious Hip Hop, East Coast Hip Hop Boom Bap, Political Hip Hop, Neo-Psychedelia, Experimental Hip Hop",87,33,"Amazon, Amazon (Vinyl), Apple Music, SoundCloud, Spotify"
Lankum,The Livelong Day,2019-10-25,2019,10.0,"Celtic Folk, Irish Folk Music Drone, Avant-Folk",92,8,"Amazon, Apple Music, Bandcamp, Spotify"
Heartworms,Glutton for Punishment,2025-02-07,2025,2.0,"Darkwave, Gothic Rock Coldwave, Synthpop, Alternative Dance",89,14,"Amazon, Amazon (Vinyl), Apple Music, Spotify"
Dave,PSYCHODRAMA,2019-03-08,2019,3.0,"Conscious Hip Hop, UK Hip Hop Political Hip Hop, Trap",88,15,"Amazon, Amazon (Vinyl), Apple Music, Spotify"
Bon Iver,"22, A Million",2016-09-30,2016,9.0,"Art Pop, Folktronica Glitch Pop, Ambient Pop, Avant-Folk",87,49,"Amazon, Amazon (Vinyl), Apple Music, Bandcamp, Spotify"
Four Tet,Rounds,2003-05-06,2003,5.0,"Folktronica, Downtempo Glitch, Trip Hop, IDM, Sampledelia",88,16,"Amazon, Amazon (Vinyl), Spotify"
Viktor Vaughn,Vaudeville Villain,2003-09-16,2003,9.0,"Abstract Hip Hop, East Coast Hip Hop Hardcore Hip Hop, Experimental Hip Hop, Boom Bap, Glitch Hop",92,8,"Amazon, Spotify"
Aaron West & The Roaring Twenties,In Lieu of Flowers,2024-04-12,2024,4.0,"Folk Rock, Indie Folk Midwest Emo, Heartland Rock",92,8,"Amazon, Amazon (Vinyl), Apple Music, Spotify"
English Teacher,This Could Be Texas,2024-04-12,2024,4.0,"Indie Rock, Art Rock Art Punk, Post-Rock, Post-Punk",87,29,"Amazon, Amazon (Vinyl), Apple Music, Bandcamp, SoundCloud, Spotify"
Father John Misty,"I Love You, Honeybear",2015-02-09,2015,2.0,"Singer-Songwriter, Indie Folk Baroque Pop, Chamber Folk",87,43,"Amazon, Amazon (Vinyl), Apple Music, Spotify"
Nova Twins,Supernova,2022-06-17,2022,6.0,"Rap Rock, Industrial Rock Riot Grrrl, Industrial Hip Hop, Rap Metal",89,14,"Amazon, Apple Music, Spotify"
Taylor Swift,folklore,2020-07-24,2020,7.0,"Folk Pop, Singer-Songwriter Chamber Pop, Indie Folk, Folktronica",87,38,"Amazon, Amazon (Vinyl), Apple Music, SoundCloud, Spotify"
Mos Def,Black on Both Sides,1999-10-12,1999,10.0,"Conscious Hip Hop, East Coast Hip Hop Boom Bap, Jazz Rap, Neo-Soul, Political Hip Hop",89,11,"Amazon, Amazon (Vinyl), Apple Music, Spotify"
my bloody valentine,m b v,2013-02-03,2013,2.0,"Shoegaze, Dream Pop, Noise Pop Neo-Psychedelia, Ambient Pop, Space Rock Revival",87,43,"Amazon, Apple Music, Spotify"
Sons of Kemet,Black To The Future,2021-05-14,2021,5.0,"Afro-Jazz Afrobeat, Dub, Jazz Poetry",87,25,"Amazon, Amazon (Vinyl), Apple Music, Spotify"
Fontaines D.C.,Skinty Fia,2022-04-22,2022,4.0,"Gothic Rock, Post-Punk Indie Rock, Shoegaze, Dream Pop",87,34,"Amazon, Amazon (Vinyl), Apple Music, Bandcamp, Spotify"
Wilco,Summerteeth,1999-03-09,1999,3.0,"Indie Rock, Pop Rock Chamber Pop, Alt-Country, Power Pop, Psychedelic Pop",90,10,"Amazon, Apple Music, Spotify"
Janelle Monáe,Dirty Computer,2018-04-27,2018,4.0,"Contemporary R&B, Art Pop Alternative R&B, Psychedelic Soul, Synth Funk, Conscious Hip Hop, Neo-Soul",87,42,"Amazon, Amazon (Vinyl), Apple Music, Spotify"
Radiohead,A Moon Shaped Pool,2016-05-08,2016,5.0,"Art Pop, Art Rock, Chamber Pop, Ambient Pop Electronic, Post-Rock",87,51,"Amazon, Amazon (Vinyl), Apple Music, Bandcamp, SoundCloud, Spotify"
Anaïs Mitchell,Hadestown,2010-03-09,2010,3.0,"Americana, Chamber Folk, Contemporary Folk Alt-Country, Blues, Chamber Music, Rock Opera, Singer-Songwriter",94,6,"Amazon, Apple Music, Spotify"
Wadada Leo Smith,Ten Freedom Summers,2012-05-22,2012,5.0,"Avant-Garde Jazz, Third Stream, Modern Creative Free Jazz, Chamber Music",94,6,"Amazon, Apple Music, Bandcamp, Spotify"
Kraftwerk,Trans Europa Express,,1977,,"Progressive Electronic Synthpop, Minimal Synth",94,6,"Amazon, Spotify"
Sly & the Family Stone,There's a Riot Goin' On,1971-11-20,1971,11.0,"Psychedelic Soul, Funk, Progressive Soul",94,6,"Amazon, Apple Music, Spotify"
Brian Eno,Before and After Science,1977-12-10,1977,12.0,"Art Rock Ambient, Electronic, New Wave, Art Pop",94,6,"Amazon, Spotify"
R.E.M.,Murmur,1983-04-12,1983,4.0,"Jangle Pop Post-Punk, Folk Rock",94,6,"Amazon, Amazon (Vinyl), Apple Music, Spotify"
The Rolling Stones,Some Girls,1978-06-09,1978,6.0,"Blues Rock, Rock Country Rock, Disco, Punk Blues, Hard Rock",94,6,"Amazon, Apple Music, Spotify"
Wolf Alice,Blue Weekend,2021-06-04,2021,6.0,"Alternative Rock, Dream Pop, Indie Rock Shoegaze, Noise Pop, Neo-Psychedelia",87,37,"Amazon, Amazon (Vinyl), Apple Music, Spotify"
Weyes Blood,Titanic Rising,2019-04-05,2019,4.0,"Baroque Pop, Art Pop Psychedelic Pop, Progressive Pop, Singer-Songwriter, Dream Pop, Soft Rock",87,31,"Amazon, Amazon (Vinyl), Apple Music, Bandcamp, Spotify"
Jeff Buckley,Grace,1994-08-23,1994,8.0,"Alternative Rock, Singer-Songwriter Art Rock, Folk Rock",90,9,"Amazon, Amazon (Vinyl), Apple Music, SoundCloud, Spotify"
billy woods,GOLLIWOG,2025-05-09,2025,5.0,"Abstract Hip Hop, Experimental Hip Hop, East Coast Hip Hop, Horrorcore Jazz Rap, Drumless, Political Hip Hop, Conscious Hip Hop",87,21,"Amazon, Amazon (Vinyl), Apple Music, Bandcamp, SoundCloud, Spotify"
Johnny Cash,American Recordings,1994-04-26,1994,4.0,"Americana, Country Contemporary Folk, Outlaw Country",92,7,"Amazon, Apple Music, Spotify"
Smashing Pumpkins,Siamese Dream,1993-07-27,1993,7.0,"Alternative Rock Grunge, Shoegaze, Dream Pop",89,15,"Amazon, Amazon (Vinyl), Apple Music, Spotify"
Moses Sumney,græ,2020-05-15,2020,5.0,"Art Pop Psychedelic Soul, Neo-Soul, Indie Folk, Progressive Soul",87,26,"Amazon, Amazon (Vinyl), Apple Music, Spotify"
Dove Ellis,Blizzard,2025-12-05,2025,12.0,"Singer-Songwriter, Indie Folk Indie Rock, Chamber Pop",88,17,"Amazon, Apple Music, Bandcamp, Spotify"
Run The Jewels,Run The Jewels 2,2014-10-24,2014,10.0,"Hardcore Hip Hop Political Hip Hop, Experimental Hip Hop, Industrial Hip Hop",87,34,"Amazon, Amazon (Vinyl), Apple Music, Bandcamp, SoundCloud, Spotify"
Joanna Newsom,Ys,2006-11-14,2006,11.0,"Progressive Folk, Chamber Folk, Singer-Songwriter, Freak Folk Chamber Music, Poetry",87,28,"Amazon, Amazon (Vinyl), Apple Music, Bandcamp, SoundCloud"
Mastodon,Leviathan,2004-08-31,2004,8.0,"Progressive Metal, Sludge Metal Thrash Metal",95,5,"Amazon, Apple Music, Bandcamp, Spotify"
Tom Waits,Swordfishtrombones,1983-09-01,1983,9.0,"Singer-Songwriter, Experimental Rock Blues, Dark Cabaret, Jazz, Beat Poetry",95,5,"Amazon, Apple Music, Spotify"
Neil Young,On the Beach,1974-07-16,1974,7.0,"Singer-Songwriter, Folk Rock, Country Rock Blues Rock",95,5,"Amazon, Apple Music, SoundCloud, Spotify"
TV on the Radio,Dear Science,2008-09-22,2008,9.0,"Art Rock, Indie Rock Indietronica, Funk, Neo-Soul, Post-Punk Revival",87,33,"Amazon, Apple Music, Spotify"
Nirvana,In Utero,1993-09-21,1993,9.0,"Grunge, Noise Rock Post-Hardcore",90,9,"Amazon, Amazon (Vinyl), Apple Music, SoundCloud, Spotify"
Madonna,Like a Prayer,1989-03-21,1989,3.0,"Pop Synth Funk, Dance-Pop, Pop Soul, Adult Contemporary, Art Pop",90,9,"Amazon, SoundCloud, Spotify"
Jessica Pratt,Here in the Pitch,2024-05-03,2024,5.0,"Singer-Songwriter, Contemporary Folk Psychedelic Folk, Brill Building, Folk Pop",87,21,"Amazon, Apple Music, Bandcamp, Spotify"
Frank Ocean,Blonde,2016-08-20,2016,8.0,"Alternative R&B, Art Pop, Neo-Soul Singer-Songwriter, Ambient Pop",87,42,"Amazon, Apple Music, SoundCloud, Spotify"
The Beatles,Please Please Me,1963-03-22,1963,3.0,"Merseybeat, Pop Rock Rock & Roll, British Rhythm & Blues",91,8,"Amazon, Apple Music, Spotify"
Michael Kiwanuka,Kiwanuka,2019-11-01,2019,11.0,"Psychedelic Soul Deep Soul, Art Rock, Progressive Soul",87,30,"Amazon, Amazon (Vinyl), Apple Music, Spotify"
SAULT,Untitled (Rise),2020-09-18,2020,9.0,"Neo-Soul, Funk Poetry, Psychedelic Soul, Jazz-Funk",91,8,"Amazon, Apple Music, Bandcamp, Spotify"
Fiona Apple,The Idler Wheel Is Wiser than the Driver of the Screw and Whipping Cords Will Serve You More than Ropes Will Ever Do,2012-06-19,2012,6.0,"Singer-Songwriter, Art Pop Dark Cabaret, Piano Rock, Jazz Pop, Chamber Pop",87,33,"Amazon, Apple Music, SoundCloud, Spotify"
Olivia Rodrigo,you seem pretty sad for a girl so in love,2026-06-12,2026,6.0,"Pop Rock, Singer-Songwriter New Wave, Post-Punk Revival, Alternative Rock, Big Music, Jangle Pop",85,32,"Amazon, Amazon (Vinyl), Apple Music, SoundCloud, Spotify"
The Streets,Original Pirate Material,2002-03-25,2002,3.0,"UK Garage, UK Hip Hop Conscious Hip Hop, 2-Step",88,16,"Amazon, Spotify"
The Notorious B.I.G.,Ready to Die,1994-09-13,1994,9.0,"Gangsta Rap, Boom Bap, East Coast Hip Hop G-Funk, Hardcore Hip Hop, Conscious Hip Hop",92,7,"Amazon, Apple Music, Spotify"
Guns N' Roses,Appetite for Destruction,1987-07-21,1987,7.0,"Hard Rock Glam Metal, Heavy Metal",92,7,"Amazon, Apple Music, SoundCloud, Spotify"
Dua Lipa,Future Nostalgia,2020-03-27,2020,3.0,"Dance-Pop, Nu-Disco Synthpop, Electropop, Synth Funk",87,31,"Amazon, Amazon (Vinyl), Apple Music, Spotify"
jaimie branch,Fly or Die Fly or Die Fly or Die ((world war)),2023-08-25,2023,8.0,"Avant-Garde Jazz Chamber Jazz, Spiritual Jazz",92,7,"Amazon, Amazon (Vinyl), Apple Music, Bandcamp, Spotify"
Mobb Deep,The Infamous,1995-04-25,1995,4.0,"Gangsta Rap, Boom Bap, East Coast Hip Hop Jazz Rap, Hardcore Hip Hop",91,8,"Amazon, SoundCloud, Spotify"
Adrianne Lenker,Bright Future,2024-03-22,2024,3.0,"Contemporary Folk, Singer-Songwriter Americana, Indie Folk",87,28,"Amazon, Amazon (Vinyl), Apple Music, Bandcamp, Spotify"
FKA twigs,EUSEXUA,2025-01-24,2025,1.0,"Art Pop, Electronic Dance Music Trance, Dance-Pop, Alternative R&B, Glitch Pop, Downtempo",87,33,"Amazon, Amazon (Vinyl), Apple Music, SoundCloud, Spotify"
Vince Staples,Big Fish Theory,2017-06-23,2017,6.0,"Experimental Hip Hop, West Coast Hip Hop, Hardcore Hip Hop Deconstructed Club, Hip House, Future Garage, UK Garage, Wonky",87,28,"Amazon, Apple Music, SoundCloud, Spotify"
Knocked Loose,You Won't Go Before You're Supposed To,2024-05-10,2024,5.0,Metalcore Beatdown Hardcore,89,15,"Amazon, Amazon (Vinyl), Apple Music, Bandcamp, SoundCloud, Spotify"
Janelle Monáe,The ArchAndroid,2010-05-18,2010,5.0,"Art Pop, Contemporary R&B Psychedelic Soul, Neo-Soul, Funk",86,35,"Amazon, Apple Music, Spotify"
Bruce Springsteen,Darkness on the Edge of Town,1978-06-02,1978,6.0,"Heartland Rock, Singer-Songwriter Piano Rock",95,5,"Amazon, Spotify"
A Guy Called Gerald,Black Secret Technology,1995-02-01,1995,2.0,Atmospheric Drum and Bass,87,8,"Amazon, Bandcamp"
Cécile McLorin Salvant,Dreams and Daggers,2017-09-29,2017,9.0,Vocal Jazz,93,6,"Amazon, Apple Music, Spotify"
ROSALÍA,MOTOMAMI,2022-03-18,2022,3.0,"Neoperreo, Art Pop, Reggaetón Latin Electronic, Alternative R&B, Flamenco Nuevo, Deconstructed Club",87,18,"Amazon, Amazon (Vinyl), Apple Music, SoundCloud, Spotify"
Ry Cooder,Pull Up Some Dust and Sit Down,2011-08-29,2011,8.0,"Contemporary Folk, Americana Blues",88,14,"Amazon, Spotify"
St. Vincent,St. Vincent,2014-02-25,2014,2.0,"Art Rock, Art Pop Noise Pop, New Wave, Post-Punk",87,45,"Amazon, Amazon (Vinyl), Apple Music, Bandcamp, SoundCloud, Spotify"
Kendrick Lamar,GNX,2024-11-22,2024,11.0,"West Coast Hip Hop Trap, Conscious Hip Hop, Hardcore Hip Hop, Ratchet Music, Nervous Music",87,23,"Amazon, Amazon (Vinyl), Apple Music, SoundCloud, Spotify"
Nirvana,Nevermind,1991-09-24,1991,9.0,"Grunge, Alternative Rock Punk Rock",90,9,"Amazon, Amazon (Vinyl), Apple Music, SoundCloud, Spotify"
Yo La Tengo,I Can Hear the Heart Beating as One,1997-04-22,1997,4.0,"Indie Rock, Neo-Psychedelia Dream Pop, Shoegaze, Post-Rock, Ambient Pop",91,7,"Amazon, Apple Music, Spotify"
A Tribe Called Quest,The Low End Theory,1991-09-24,1991,9.0,"Jazz Rap, East Coast Hip Hop, Conscious Hip Hop Boom Bap",93,6,"Amazon, Amazon (Vinyl), Apple Music, Spotify"
Spiritbox,Tsunami Sea,2025-03-07,2025,3.0,"Alternative Metal, Metalcore Djent, Progressive Metalcore",89,11,"Amazon, Amazon (Vinyl), Apple Music, Bandcamp, SoundCloud, Spotify"
Tom Waits,Bad as Me,2011-10-25,2011,10.0,"Singer-Songwriter, Experimental Rock Blues Rock, Dark Cabaret",86,43,"Amazon, Amazon (Vinyl), Apple Music, Bandcamp, Spotify"
Japanese Breakfast,Jubilee,2021-06-04,2021,6.0,"Indie Pop, Chamber Pop Dream Pop, Indie Rock, Synthpop, Sunshine Pop, Art Pop",86,28,"Amazon, Amazon (Vinyl), Apple Music, Bandcamp, Spotify"
Boards of Canada,Music Has the Right to Children,1998-04-20,1998,4.0,"Downtempo, IDM, Hauntology Ambient, Neo-Psychedelia, Trip Hop",90,8,"Amazon, Bandcamp, SoundCloud, Spotify"
Fennesz,Endless Summer,2001-07-03,2001,7.0,"Ambient, Glitch Electroacoustic, Folktronica",93,6,"Amazon, Bandcamp, Spotify"
Roxy Music,Country Life,1974-11-15,1974,11.0,"Glam Rock, Art Rock",93,6,"Amazon, Spotify"
Bruce Springsteen,The River,1980-10-17,1980,10.0,"Heartland Rock, Singer-Songwriter Rock & Roll, Roots Rock, Piano Rock",94,5,"Amazon, Spotify"
Jamila Woods,LEGACY! LEGACY!,2019-05-10,2019,5.0,"Neo-Soul, Alternative R&B Art Pop, Psychedelic Soul, Trip Hop",87,21,"Amazon, Amazon (Vinyl), Spotify"
Angel Olsen,All Mirrors,2019-10-04,2019,10.0,"Art Pop, Chamber Pop Baroque Pop, Dream Pop",86,38,"Amazon, Apple Music, Bandcamp, Spotify"
Bob Dylan,Modern Times,2006-08-29,2006,8.0,"Singer-Songwriter, Blues Rock Americana, Electric Blues, Roots Rock",86,25,"Amazon, Spotify"
Tame Impala,Lonerism,2012-10-05,2012,10.0,"Neo-Psychedelia, Psychedelic Rock Psychedelic Pop, Space Rock Revival, Alternative Rock",86,36,"Amazon, Amazon (Vinyl), Apple Music, SoundCloud, Spotify"
Dirty Projectors,Bitte Orca,2009-06-09,2009,6.0,"Progressive Pop, Art Pop, Indie Pop Indietronica, Math Rock",86,39,"Amazon, Spotify"
Joy Division,Closer,1980-07-18,1980,7.0,"Post-Punk, Gothic Rock Coldwave, Minimal Wave",94,5,"Amazon, Amazon (Vinyl), Apple Music, Spotify"
Ice-T,O.G. Original Gangster,1991-05-14,1991,5.0,"West Coast Hip Hop, Gangsta Rap Conscious Hip Hop, Political Hip Hop",94,5,"Amazon, Apple Music, Spotify"
Bill Withers,Just As I Am,1971-05-01,1971,5.0,"Soul Contemporary Folk, Country Soul, Deep Soul, Smooth Soul",94,5,"Amazon, Apple Music, Spotify"
SAULT,Earth,2022-11-01,2022,11.0,"Neo-Soul Afrobeat, Gospel, Samba",94,5,"Amazon, Apple Music, Bandcamp, Spotify"
The Smile,Wall of Eyes,2024-01-26,2024,1.0,"Art Rock, Post-Rock Krautrock, Neo-Psychedelia, Ambient Pop",86,41,"Amazon, Amazon (Vinyl), Apple Music, Bandcamp, Spotify"
Nick Cave & The Bad Seeds,Wild God,2024-08-30,2024,8.0,"Art Rock, Singer-Songwriter Baroque Pop, Gospel",86,27,"Amazon, Amazon (Vinyl), Apple Music, Spotify"
Sampha,Lahai,2023-10-20,2023,10.0,"Alternative R&B, Neo-Soul UK Bass, Future Garage, Art Pop",87,16,"Amazon, Amazon (Vinyl), Apple Music, Bandcamp, Spotify"
Billie Eilish,HIT ME HARD AND SOFT,2024-05-17,2024,5.0,"Alt-Pop Singer-Songwriter, Electropop, Pop Rock, Art Pop, Indie Folk",86,27,"Amazon, Amazon (Vinyl), Apple Music, SoundCloud, Spotify"
Deftones,private music,2025-08-22,2025,8.0,"Alternative Metal Shoegaze, Post-Hardcore, Post-Metal",87,20,"Amazon, Amazon (Vinyl), Apple Music, SoundCloud, Spotify"
Opeth,Ghost Reveries,2005-08-29,2005,8.0,"Progressive Metal Death Metal, Progressive Rock, Symphonic Prog",89,9,"Amazon, Spotify"
Solomon Burke,Don't Give Up on Me,2002-07-23,2002,7.0,"Southern Soul, Deep Soul Blues",89,9,"Amazon, Spotify"
Neurosis,An Undying Love for a Burning World,2026-03-20,2026,3.0,"Atmospheric Sludge Metal, Post-Metal Post-Rock, Doom Metal, Post-Industrial, Post-Hardcore",89,9,"Amazon, Apple Music, Bandcamp, Spotify"
Anna von Hausswolff,ICONOCLASTS,2025-10-31,2025,10.0,"Post-Rock, Art Rock, Neoclassical Darkwave Dark Ambient, Jazz-Rock, Art Pop, Drone, Krautrock",87,15,"Amazon, Amazon (Vinyl), Apple Music, Bandcamp, Spotify"
Beyoncé,COWBOY CARTER,2024-03-29,2024,3.0,"Country Pop Country Soul, Americana, Contemporary Country, Contemporary R&B",86,27,"Amazon, Apple Music, Spotify"
Waxahatchee,Tigers Blood,2024-03-22,2024,3.0,"Alt-Country, Singer-Songwriter Americana, Country Rock",87,33,"Amazon, Amazon (Vinyl), Apple Music, Bandcamp, Spotify"
Raekwon,Only Built 4 Cuban Linx... Pt. II,2009-09-08,2009,9.0,"East Coast Hip Hop, Hardcore Hip Hop Gangsta Rap, Boom Bap, Drumless",86,22,"Amazon, Spotify"
Gillian Welch,The Harrow & The Harvest,2011-06-28,2011,6.0,"Americana, Contemporary Folk Alt-Country, Traditional Country",86,25,"Amazon, Apple Music, Spotify"
Aphex Twin,Selected Ambient Works 85–92,1992-11-09,1992,11.0,"Ambient Techno, IDM Ambient, Chillout, Ambient House",91,7,"Amazon, Amazon (Vinyl), Apple Music, Bandcamp, Spotify"
Creeper,Sanguivore,2023-10-13,2023,10.0,"Gothic Rock, Rock Opera, Hard Rock Glam Rock, Heavy Metal, Darkwave",90,11,"Amazon, Apple Music, Spotify"
Beth Gibbons,Lives Outgrown,2024-05-17,2024,5.0,"Chamber Folk, Singer-Songwriter Progressive Folk, Psychedelic Folk, Art Rock",86,27,"Amazon, Amazon (Vinyl), Apple Music, Spotify"
Little Simz,Lotus,2025-06-06,2025,6.0,"Conscious Hip Hop, UK Hip Hop Neo-Soul, Jazz Rap, Post-Punk",86,24,"Amazon, Amazon (Vinyl), Apple Music, SoundCloud, Spotify"
El-P,Fantastic Damage,2002-05-14,2002,5.0,"Abstract Hip Hop, Experimental Hip Hop, East Coast Hip Hop Turntablism, Conscious Hip Hop, Industrial Hip Hop, Illbient, Hardcore Hip Hop",89,9,"Amazon, Apple Music, Bandcamp, Spotify"
Aphex Twin,Syro,2014-09-23,2014,9.0,"IDM Drill and Bass, Acid Techno, Ambient Techno",86,48,"Amazon, Bandcamp, SoundCloud, Spotify"
Angel Olsen,MY WOMAN,2016-09-02,2016,9.0,"Indie Rock, Singer-Songwriter Dream Pop, Americana",86,40,"Amazon, Amazon (Vinyl), Apple Music, Bandcamp, Spotify"
Foo Fighters,But Here We Are,2023-06-02,2023,6.0,"Alternative Rock, Hard Rock Shoegaze, Post-Grunge, Power Pop",86,33,"Amazon, Amazon (Vinyl), Apple Music, Spotify"
Creeper,"Sex, Death & the Infinite Void",2020-07-31,2020,7.0,"Glam Rock, Pop Rock Gothic Country, Horror Punk, Rock & Roll",87,13,"Amazon, Amazon (Vinyl), Apple Music, Spotify"
David Crosby,If I Could Only Remember My Name,1971-02-22,1971,2.0,"Folk Rock, Singer-Songwriter Country Rock, Psychedelic Folk, Psychedelic Rock",93,7,"Amazon, Spotify"
St. Vincent,MASSEDUCTION,2017-10-13,2017,10.0,"Art Pop, Synthpop Noise Pop, Alternative Dance, New Rave, Electropop",86,47,"Amazon, Amazon (Vinyl), Apple Music, Bandcamp, SoundCloud, Spotify"
Lou Reed,Transformer,1972-11-08,1972,11.0,"Glam Rock, Pop Rock Art Rock, Proto-Punk",92,6,"Amazon, Apple Music, Spotify"
King Crimson,Red,1974-10-06,1974,10.0,"Progressive Rock, Art Rock Jazz-Rock, Free Improvisation, Hard Rock, Heavy Metal",92,6,"Amazon, SoundCloud, Spotify"
Robert Wyatt,Rock Bottom,1974-07-26,1974,7.0,Canterbury Scene Art Rock,92,6,"Amazon, Spotify"
Cocteau Twins,Treasure,1984-11-12,1984,11.0,"Ethereal Wave, Dream Pop Gothic Rock",92,6,"Amazon, Apple Music, SoundCloud, Spotify"
Glenn Branca,The Ascension,,1981,,"No Wave, Totalism, Noise Rock, Post-Rock Drone, Experimental Rock",92,6,"Amazon, Spotify"
LCD Soundsystem,Sound of Silver,2007-03-12,2007,3.0,"Dance-Punk, Indietronica, Alternative Dance New Rave, Post-Punk Revival, Mutant Disco",86,33,"Amazon, Amazon (Vinyl), Apple Music, Spotify"
M.I.A.,Arular,2005-03-22,2005,3.0,"Experimental Hip Hop, UK Hip Hop Dancehall, Funk Brasileiro, Pop Rap, Political Hip Hop, Tamborzão",86,23,"Amazon, Apple Music, SoundCloud, Spotify"
Laura Marling,Patterns in Repeat,2024-10-25,2024,10.0,"Singer-Songwriter, Chamber Folk",86,23,"Amazon, Amazon (Vinyl), Apple Music, Spotify"
Pharoahe Monch,Desire,2007-06-26,2007,6.0,"East Coast Hip Hop, Conscious Hip Hop Political Hip Hop, Chipmunk Soul",87,17,"Amazon, Spotify"
David Bowie,★ [Blackstar],2016-01-08,2016,1.0,"Art Rock, Jazz-Rock, Experimental Rock Electronic, Post-Rock",86,47,"Amazon, Apple Music, SoundCloud, Spotify"
Taylor Swift,1989 (Taylor's Version),2023-10-27,2023,10.0,"Synthpop Electropop, Dance-Pop",86,18,"Amazon, Amazon (Vinyl), Apple Music, SoundCloud, Spotify"
Christine and the Queens,Chris,2018-09-21,2018,9.0,"Synthpop, Electropop Art Pop, Synth Funk, Alt-Pop, Alternative R&B, French Pop",86,36,"Amazon, Amazon (Vinyl), Apple Music, Bandcamp, Spotify"
Big Thief,Dragon New Warm Mountain I Believe In You,2022-02-11,2022,2.0,"Indie Folk, Folk Rock Americana, Indie Rock, Singer-Songwriter, Neo-Psychedelia, Alt-Country",86,36,"Amazon, Amazon (Vinyl), Apple Music, Bandcamp, SoundCloud, Spotify"
Run The Jewels,Run The Jewels 3,2016-12-24,2016,12.0,"Hardcore Hip Hop Experimental Hip Hop, Political Hip Hop",86,39,"Amazon, Apple Music, Bandcamp, SoundCloud, Spotify"
Converge & Chelsea Wolfe,Bloodmoon: I,2021-11-19,2021,11.0,"Atmospheric Sludge Metal, Gothic Metal Doom Metal",88,16,"Amazon, Amazon (Vinyl), Apple Music, Bandcamp, Spotify"
Armand Hammer,We Buy Diabetic Test Strips,2023-09-29,2023,9.0,"Experimental Hip Hop, Abstract Hip Hop, East Coast Hip Hop Industrial Hip Hop, Cloud Rap, Conscious Hip Hop, Jazz Rap, Drumless",87,16,"Amazon, Apple Music, Bandcamp, Spotify"
Mannequin Pussy,I Got Heaven,2024-03-01,2024,3.0,"Indie Rock, Punk Rock Hardcore Punk, Noise Pop, Power Pop, Riot Grrrl",87,23,"Amazon, Amazon (Vinyl), Apple Music, Bandcamp, Spotify"
"Tyler, The Creator",CALL ME IF YOU GET LOST,2021-06-25,2021,6.0,"West Coast Hip Hop, Jazz Rap Neo-Soul, Hardcore Hip Hop, Synth Funk",86,26,"Amazon, Amazon (Vinyl), Apple Music, SoundCloud, Spotify"
Blood Incantation,Absolute Elsewhere,2024-10-04,2024,10.0,"Progressive Death Metal Space Rock, Berlin School, Technical Death Metal",87,14,"Amazon, Amazon (Vinyl), Apple Music, Bandcamp, Spotify"
Purple Mountains,Purple Mountains,2019-07-12,2019,7.0,"Alt-Country, Singer-Songwriter Americana, Indie Rock, Folk Rock",86,21,"Amazon, Amazon (Vinyl), Apple Music, Bandcamp, Spotify"
M.I.A.,Kala,2007-08-08,2007,8.0,"UK Hip Hop, Experimental Hip Hop Political Hip Hop, Baltimore Club, Dance-Pop",86,31,"Amazon, Apple Music, SoundCloud, Spotify"
The Shins,Chutes Too Narrow,2003-10-21,2003,10.0,"Indie Pop Jangle Pop, Indie Rock",86,19,"Amazon, Amazon (Vinyl), Spotify"
Belle and Sebastian,If You're Feeling Sinister,1996-11-18,1996,11.0,"Chamber Pop, Twee Pop Jangle Pop, Indie Folk, Folk Rock, Chamber Folk",90,7,"Amazon, Apple Music, Spotify"
Liz Phair,Exile in Guyville,1993-06-22,1993,6.0,"Indie Rock, Singer-Songwriter, Slacker Rock",90,7,"Amazon, Amazon (Vinyl), Apple Music, Bandcamp, Spotify"
John Lennon & Plastic Ono Band,John Lennon / Plastic Ono Band,1970-12-11,1970,12.0,"Singer-Songwriter Piano Rock, Contemporary Folk, Blues Rock",90,7,"Amazon, Apple Music, Spotify"
Chance the Rapper,Coloring Book,2016-05-13,2016,5.0,"Pop Rap, Conscious Hip Hop Neo-Soul, Gospel, Christian Hip Hop, Hip House, Alternative R&B",86,28,"Amazon, Apple Music, SoundCloud, Spotify"
Employed to Serve,Eternal Forward Motion,2019-05-10,2019,5.0,"Metalcore Mathcore, Post-Hardcore, Death Metal, Progressive Metalcore",90,7,"Amazon, Spotify"
Vampire Weekend,Only God Was Above Us,2024-04-05,2024,4.0,"Indie Rock, Chamber Pop Neo-Psychedelia, Art Pop, Noise Pop, Baroque Pop, Progressive Pop",86,32,"Amazon, Amazon (Vinyl), Apple Music, Spotify"
Pink Floyd,The Piper at the Gates of Dawn,1967-08-04,1967,8.0,"Psychedelic Rock Space Rock, Experimental Rock, Psychedelic Pop, Toytown Pop",93,5,"Amazon, Apple Music, Spotify"
Roxy Music,For Your Pleasure,1973-03-23,1973,3.0,"Glam Rock, Art Rock Progressive Rock, Psychedelic Rock",93,5,"Amazon, Spotify"
Neu!,Neu! '75,,1975,,"Krautrock Ambient, Proto-Punk, Space Rock",93,5,"Amazon, Spotify"
The Last Dinner Party,Prelude to Ecstasy,2024-02-02,2024,2.0,"Glam Rock, Indie Rock, Pop Rock Baroque Pop, Progressive Pop, Art Rock",86,35,"Amazon, Amazon (Vinyl), Apple Music, Spotify"
Neutral Milk Hotel,In the Aeroplane Over the Sea,1998-02-10,1998,2.0,"Indie Folk, Indie Rock Singer-Songwriter, Psychedelic Folk, Slacker Rock",87,13,"Amazon, Amazon (Vinyl), Apple Music, Bandcamp, SoundCloud, Spotify"
Swans,The Seer,2012-08-28,2012,8.0,"Post-Rock, Experimental Rock Noise Rock, Neofolk, Drone, Ritual Ambient",86,34,"Amazon, Apple Music, Bandcamp, Spotify"
Ulcerate,Cutting the Throat of God,2024-06-14,2024,6.0,"Dissonant Death Metal, Technical Death Metal Atmospheric Sludge Metal",88,10,"Amazon, Apple Music, Bandcamp, SoundCloud, Spotify"
Grizzly Bear,Veckatimest,2009-05-26,2009,5.0,"Psychedelic Folk, Psychedelic Pop, Indie Folk Indie Rock, Chamber Pop, Neo-Psychedelia",86,38,"Amazon, Spotify"
Mbongwana Star,From Kinshasa,2015-05-19,2015,5.0,"Regional Electronic, Soukous",87,14,"Amazon, Spotify"
Kate Bush,50 Words for Snow,2011-11-21,2011,11.0,"Art Pop, Ambient Pop Progressive Pop, Dream Pop, Singer-Songwriter, Post-Rock",86,39,"Amazon, Apple Music, Spotify"
Serge Gainsbourg,Histoire de Melody Nelson,1971-03-24,1971,3.0,"French Pop, Art Pop Blues Rock, Baroque Pop, Psychedelic Pop, Spoken Word, Funk Rock",89,8,"Amazon, Apple Music, Spotify"
Mercury Rev,Deserter's Songs,1998-09-29,1998,9.0,"Neo-Psychedelia, Chamber Pop Psychedelic Pop, Space Rock Revival, Dream Pop",89,8,"Amazon, Apple Music, Bandcamp, Spotify"
Franz Ferdinand,Franz Ferdinand,2004-02-09,2004,2.0,"Post-Punk Revival, Indie Rock, Dance-Punk Garage Rock Revival, Post-Britpop",86,19,"Amazon, Apple Music, Spotify"
St. Vincent,Strange Mercy,2011-09-13,2011,9.0,"Art Rock, Art Pop, Indie Pop, Indie Rock Progressive Pop, Noise Pop, Neo-Psychedelia",86,38,"Amazon, Amazon (Vinyl), Apple Music, Spotify"
Danger Mouse,The Grey Album,2004-02-03,2004,2.0,"Mashup, Rap Rock, Hip Hop Psychedelic Pop, Psychedelic Rock",88,10,Amazon
Iggy Pop,Lust For Life,1977-08-29,1977,8.0,"Garage Rock, Glam Rock Post-Punk",93,5,"Amazon, Apple Music, SoundCloud, Spotify"
underscores,U,2026-03-20,2026,3.0,"Electropop, Dance-Pop, Electronic Dance Music Future Bass, Electro House, Glitch Pop",88,10,"Amazon, Amazon (Vinyl), Apple Music, Bandcamp, SoundCloud, Spotify"
Robyn,Robyn,2005-04-27,2005,4.0,"Electropop Electroclash, Dance-Pop, Art Pop, Synthpop",86,17,"Amazon, Spotify"
Raekwon,Only Built 4 Cuban Linx...,1995-08-01,1995,8.0,"East Coast Hip Hop, Boom Bap, Gangsta Rap Hardcore Hip Hop",91,6,"Amazon, Spotify"
Bad Bunny,DeBÍ TiRAR MáS FOToS,2025-01-05,2025,1.0,"Reggaetón, Caribbean Salsa, Latin Pop, Dembow, Latin Electronic",90,7,"Amazon, Apple Music, SoundCloud, Spotify"
Sam Lee & Friends,The Fade In Time,2015-06-16,2015,6.0,Chamber Folk,89,8,"Amazon, Bandcamp, Spotify"
Gabriels,Angels & Queens – Part I,2022-09-30,2022,9.0,"Contemporary R&B, Soul",89,8,"Amazon, Apple Music, Spotify"
Hurray for the Riff Raff,The Past Is Still Alive,2024-02-23,2024,2.0,"Alt-Country, Singer-Songwriter Americana",86,21,"Amazon, Amazon (Vinyl), Apple Music, Bandcamp, Spotify"
Paramore,This Is Why,2023-02-10,2023,2.0,"Post-Punk Revival, Dance-Punk New Wave, Indie Rock",85,32,"Amazon, Amazon (Vinyl), Apple Music, Spotify"
Clipse,Hell Hath No Fury,2006-11-28,2006,11.0,"Gangsta Rap, Southern Hip Hop Experimental Hip Hop",85,26,"Amazon, Spotify"
The Bug,London Zoo,2008-07-07,2008,7.0,"Dubstep, Ragga Grime, Industrial Hip Hop, Illbient",87,11,"Amazon, Spotify"
Godspeed You Black Emperor!,Lift Yr. Skinny Fists Like Antennas to Heaven!,2000-10-09,2000,10.0,"Post-Rock Field Recordings, Drone, Chamber Music, Ambient",87,13,"Amazon, Amazon (Vinyl), Bandcamp"
The Microphones,The Glow Pt. 2,2001-09-11,2001,9.0,"Indie Folk, Psychedelic Folk Avant-Folk, Noise Rock, Slacker Rock, Field Recordings, Singer-Songwriter",93,5,"Amazon, Apple Music, Bandcamp, Spotify"
The Zombies,Odessey and Oracle,1968-04-19,1968,4.0,"Psychedelic Pop, Baroque Pop, Pop Rock Sunshine Pop, Art Pop",93,5,"Amazon, Apple Music, Spotify"
Lingua Ignota,SINNER GET READY,2021-08-06,2021,8.0,"Avant-Folk, Neoclassical Darkwave Appalachian Folk Music, Neofolk, Chamber Music, Singer-Songwriter, Drone",86,16,"Amazon, Amazon (Vinyl), Apple Music, Bandcamp, Spotify"
Cat Power,Moon Pix,1998-09-22,1998,9.0,"Singer-Songwriter, Slowcore Indie Folk",91,6,"Amazon, Apple Music, Spotify"
Young Fathers,Heavy Heavy,2023-02-03,2023,2.0,"Neo-Psychedelia, Art Pop, Neo-Soul Gospel, Experimental Hip Hop",85,27,"Amazon, Amazon (Vinyl), Apple Music, Bandcamp, Spotify"
Laura Marling,Once I Was an Eagle,2013-05-27,2013,5.0,"Singer-Songwriter, Contemporary Folk Folk Rock, Chamber Folk, Indie Folk",85,41,"Amazon, Apple Music, Spotify"
Arcade Fire,Neon Bible,2007-03-05,2007,3.0,"Indie Rock Art Rock, Post-Punk Revival, Chamber Pop",85,31,"Amazon, Amazon (Vinyl), Apple Music, Spotify"
Deftones,Ohms,2020-09-25,2020,9.0,"Alternative Metal Post-Metal, Shoegaze, Post-Hardcore",85,30,"Amazon, Amazon (Vinyl), Apple Music, SoundCloud, Spotify"
Steven Wilson,Hand. Cannot. Erase.,2015-03-03,2015,3.0,"Progressive Rock, Art Rock Alternative Rock, Pop Rock, Post-Britpop",88,10,"Amazon, Spotify"
Broken Social Scene,You Forgot It in People,2002-10-15,2002,10.0,"Indie Rock, Art Rock Post-Rock, Chamber Pop",87,11,"Amazon, Apple Music, Bandcamp, Spotify"
The Microphones,Mount Eerie,2003-01-21,2003,1.0,"Avant-Folk, Psychedelic Folk Drone, Experimental, Field Recordings, Tribal Ambient, Musique Concrète",93,5,"Amazon, Amazon (Vinyl), Bandcamp, Spotify"
Jamey Johnson,The Guitar Song,2010-09-14,2010,9.0,"Progressive Country Outlaw Country, Americana",91,6,"Amazon, Spotify"
Mitski,Be the Cowboy,2018-08-17,2018,8.0,"Indie Rock, Art Pop Chamber Pop, New Wave, Dream Pop, Indie Pop",85,40,"Amazon, Amazon (Vinyl), Apple Music, Bandcamp, Spotify"
Squid,Bright Green Field,2021-05-07,2021,5.0,"Art Punk, Post-Punk, Experimental Rock Krautrock, Dance-Punk, Post-Rock",85,30,"Amazon, Amazon (Vinyl), Apple Music, Bandcamp, Spotify"
Gabriels,Angels & Queens,2023-07-07,2023,7.0,"Soul, Contemporary R&B, Gospel Neo-Soul",88,9,"Amazon, Amazon (Vinyl), Apple Music, Spotify"
Converge,The Dusk in Us,2017-11-03,2017,11.0,"Metalcore Mathcore, Post-Hardcore, Sludge Metal",85,22,"Amazon, Apple Music, Bandcamp, Spotify"
Flying Lotus,Cosmogramma,2010-05-04,2010,5.0,"IDM, Wonky, Glitch Hop Nu Jazz, Instrumental Hip Hop",85,37,"Amazon, Apple Music, Bandcamp, SoundCloud, Spotify"
Dungen,Ta Det Lugnt,2004-06-21,2004,6.0,"Psychedelic Rock, Neo-Psychedelia Progressive Rock",87,13,"Amazon, Spotify"
Nina Nastasia,Riderless Horse,2022-07-22,2022,7.0,"Singer-Songwriter, Contemporary Folk, Chamber Folk",87,11,"Amazon, Apple Music, Spotify"
Lankum,False Lankum,2023-03-24,2023,3.0,"Avant-Folk, Irish Folk Music Dark Ambient, Neofolk, Drone",87,13,"Amazon, Amazon (Vinyl), Apple Music, Bandcamp, Spotify"
Benefits,Constant Noise,2025-03-21,2025,3.0,"Spoken Word, Poetry, Electronic UK Hip Hop, Noise Rock, UK Bass, Post-Industrial, Drone",88,10,"Amazon, Amazon (Vinyl), Apple Music, Bandcamp, Spotify"
The Strokes,Room on Fire,2003-10-28,2003,10.0,"Garage Rock Revival, Post-Punk Revival, Indie Rock Power Pop",86,20,"Amazon, Amazon (Vinyl), Apple Music, SoundCloud, Spotify"
DJ Sprinkles,Midtown 120 Blues,2008-08-09,2008,8.0,"Deep House Ambient House, Spoken Word",90,7,Amazon
FKA twigs,LP1,2014-08-06,2014,8.0,"Art Pop, Alternative R&B, Electronic Trip Hop, Wonky, Glitch Pop, Deconstructed Club",85,47,"Amazon, Amazon (Vinyl), Apple Music, SoundCloud, Spotify"
Portishead,Third,2008-04-28,2008,4.0,"Experimental Rock, Electronic Post-Industrial, Krautrock, Trip Hop, Psychedelic Rock",85,34,"Amazon, Amazon (Vinyl), Apple Music, Spotify"
tUnE-yArDs,w h o k i l l,2011-04-19,2011,4.0,"Art Pop Indie Pop, Freak Folk",85,34,"Amazon, Apple Music, Spotify"
David Bowie,"""Heroes""",1977-10-14,1977,10.0,"Art Rock Ambient, Krautrock, Electronic, Art Pop",92,5,"Amazon, Amazon (Vinyl), Apple Music, Spotify"
Peter Gabriel,So,1986-05-19,1986,5.0,"Art Pop, Pop Rock Sophisti-Pop, New Wave, Funk Rock",92,5,"Amazon, Apple Music, Bandcamp, SoundCloud, Spotify"
Noname,Room 25,2018-09-14,2018,9.0,"Jazz Rap, Conscious Hip Hop Neo-Soul",86,16,"Amazon, Apple Music, Bandcamp, Spotify"
Jockstrap,I Love You Jennifer B,2022-09-09,2022,9.0,"Art Pop, Glitch Pop Folktronica, Chamber Pop, Progressive Pop",85,24,"Amazon, Amazon (Vinyl), Apple Music, Bandcamp, Spotify"
The Twilight Sad,IT’S THE LONG GOODBYE,2026-03-27,2026,3.0,"Post-Punk Revival Shoegaze, Darkwave, Gothic Rock",86,14,"Amazon, Amazon (Vinyl), Apple Music, Bandcamp, Spotify"
"Tyler, The Creator",IGOR,2019-05-17,2019,5.0,"Neo-Soul, Alternative R&B, Psychedelic Soul Neo-Psychedelia, Synth Funk, Experimental Hip Hop",85,21,"Amazon, Amazon (Vinyl), Apple Music, SoundCloud, Spotify"
Suede,Antidepressants,2025-09-05,2025,9.0,"Alternative Rock Post-Punk, Glam Rock, Gothic Rock",86,19,"Amazon, Apple Music, Spotify"
Mitski,Nothing's About to Happen to Me,2026-02-27,2026,2.0,"Singer-Songwriter, Chamber Pop, Americana Slacker Rock, Indie Folk, Alt-Country",85,30,"Amazon, Amazon (Vinyl), Apple Music, Bandcamp, SoundCloud, Spotify"
Rina Sawayama,SAWAYAMA,2020-04-17,2020,4.0,"Dance-Pop, Electropop, Contemporary R&B Alternative Rock, Pop Rock, Alternative Metal, Art Pop",85,26,"Amazon, Amazon (Vinyl), Apple Music, Bandcamp, Spotify"
SZA,SOS,2022-12-09,2022,12.0,"Contemporary R&B, Alternative R&B Neo-Soul, Pop Rap, Alt-Pop, Trap",85,25,"Amazon, Apple Music, SoundCloud, Spotify"
OutKast,Speakerboxxx/The Love Below,2003-09-23,2003,9.0,"Southern Hip Hop, Pop Rap, Neo-Soul Funk, Pop Soul, Contemporary R&B",85,21,"Amazon, Spotify"
Max Richter,The Blue Notebooks,2004-02-26,2004,2.0,"Modern Classical Ambient, Minimalism",89,8,"Amazon, Spotify"
Olivia Rodrigo,GUTS,2023-09-08,2023,9.0,"Pop Rock, Singer-Songwriter Power Pop, Alt-Pop, Alternative Rock, Garage Rock Revival",85,28,"Amazon, Amazon (Vinyl), Apple Music, SoundCloud, Spotify"
Panda Bear,Person Pitch,2007-03-20,2007,3.0,"Neo-Psychedelia, Psychedelic Pop, Sampledelia Ambient Pop, Progressive Pop, Sunshine Pop",85,26,"Amazon, Amazon (Vinyl), Apple Music, Spotify"
Amyl and the Sniffers,Comfort to Me,2021-09-10,2021,9.0,"Punk Rock, Garage Punk Hardcore Punk",85,24,"Amazon, Amazon (Vinyl), Apple Music, Spotify"
Kamasi Washington,The Epic,2015-05-05,2015,5.0,"Spiritual Jazz Jazz Fusion, Post-Bop, Soul Jazz",87,11,"Amazon, Amazon (Vinyl), Apple Music, Bandcamp, Spotify"
Bon Iver,"Bon Iver, Bon Iver",2011-06-21,2011,6.0,"Indie Folk, Art Pop Chamber Folk, Singer-Songwriter",85,41,"Amazon, Amazon (Vinyl), Apple Music, Spotify"
Metallica,Ride the Lightning,1984-07-27,1984,7.0,Thrash Metal Heavy Metal,92,5,"Amazon, Amazon (Vinyl), SoundCloud, Spotify"
Neil Young,After the Gold Rush,1970-09-19,1970,9.0,"Folk Rock, Country Rock, Singer-Songwriter",92,5,"Amazon, Apple Music, SoundCloud, Spotify"
Young Marble Giants,Colossal Youth,1980-02-15,1980,2.0,"Post-Punk, Minimal Wave Twee Pop",92,5,"Amazon, Spotify"
Buzzcocks,Spiral Scratch,1977-01-29,1977,1.0,Punk Rock,92,5,"Amazon, Apple Music, Spotify"
Vashti Bunyan,Just Another Diamond Day,1970-12-01,1970,12.0,"Chamber Folk, Singer-Songwriter Folk Pop, Traditional Folk Music, Lullabies",92,5,"Amazon, Spotify"
ØXN,CYRM,2023-10-27,2023,10.0,"Avant-Folk, Darkwave, Chamber Folk Drone, Neofolk, Post-Industrial",92,5,"Amazon, Apple Music, Spotify"
Creeper,"Eternity, In Your Arms",2017-03-24,2017,3.0,"Horror Punk, Pop Punk Melodic Hardcore",87,15,"Amazon, Spotify"
Father John Misty,Mahashmashana,2024-11-22,2024,11.0,"Singer-Songwriter Soft Rock, Baroque Pop, Chamber Pop, Traditional Pop",85,29,"Amazon, Amazon (Vinyl), Apple Music, Bandcamp, Spotify"
billy woods & Kenny Segal,Maps,2023-05-05,2023,5.0,"Abstract Hip Hop, Jazz Rap, Conscious Hip Hop, East Coast Hip Hop Experimental Hip Hop, Boom Bap",86,13,"Amazon, Amazon (Vinyl), Apple Music, Bandcamp, Spotify"
Drive-By Truckers,American Band,2016-09-30,2016,9.0,"Alt-Country, Southern Rock Americana",86,17,"Amazon, Apple Music, Spotify"
LCD Soundsystem,american dream,2017-09-01,2017,9.0,"New Wave, Dance-Punk, Post-Punk Revival Synthpop, Alternative Dance",85,47,"Amazon, Amazon (Vinyl), Apple Music, Spotify"
Björk,Post,1995-06-13,1995,6.0,"Art Pop, Electronic Trip Hop, Alternative Dance, Tribal House",87,11,"Amazon, Amazon (Vinyl), Apple Music, Bandcamp, Spotify"
Primal Scream,Vanishing Point,1997-07-07,1997,7.0,"Alternative Rock, Neo-Psychedelia Trip Hop, Dub, Krautrock, Ambient Dub",89,7,"Amazon, Spotify"
Sturgill Simpson,A Sailor's Guide to Earth,2016-04-15,2016,4.0,"Country Soul, Alt-Country, Progressive Country Outlaw Country, Southern Soul",85,23,"Amazon, Spotify"
Mitski,Puberty 2,2016-06-17,2016,6.0,"Indie Rock, Singer-Songwriter Noise Pop, Art Pop, Slacker Rock, Dream Pop, Neo-Psychedelia",85,30,"Amazon, Amazon (Vinyl), Apple Music, Bandcamp, Spotify"
Matana Roberts,Coin Coin Chapter Two: Mississippi Moonchile,2013-10-01,2013,10.0,"Avant-Garde Jazz, Spiritual Jazz Jazz Poetry, Modern Creative",90,6,"Amazon, Bandcamp, Spotify"
Kano,Hoodies All Summer,2019-08-30,2019,8.0,UK Hip Hop Grime,86,17,"Amazon, Apple Music, Spotify"
Angel Olsen,Big Time,2022-06-03,2022,6.0,"Americana, Singer-Songwriter Traditional Pop, Baroque Pop, Nashville Sound",85,32,"Amazon, Amazon (Vinyl), Apple Music, Bandcamp, Spotify"
Joanna Newsom,Have One On Me,2010-02-23,2010,2.0,"Progressive Folk, Chamber Folk, Singer-Songwriter",85,36,"Amazon, Bandcamp, SoundCloud"
The War on Drugs,Lost in the Dream,2014-03-18,2014,3.0,"Heartland Rock, Indie Rock Dream Pop, Neo-Psychedelia, Americana, Big Music",85,43,"Amazon, Amazon (Vinyl), Apple Music, Bandcamp, Spotify"
John Coltrane,Both Directions at Once: The Lost Album,2018-06-29,2018,6.0,"Post-Bop, Modal Jazz Hard Bop",87,12,"Amazon, Spotify"
Richard Dawson,2020,2019-10-11,2019,10.0,"Art Rock, Singer-Songwriter, Avant-Folk Progressive Folk, Progressive Rock",85,19,"Amazon, Amazon (Vinyl), Apple Music, Spotify"
Sufjan Stevens,Michigan,2003-07-01,2003,7.0,"Indie Folk, Singer-Songwriter, Chamber Folk Chamber Pop, Minimalism, Americana",87,11,"Amazon, Bandcamp, Spotify"
Lupe Fiasco,Lupe Fiasco's Food & Liquor,2006-09-19,2006,9.0,"Conscious Hip Hop Pop Rap, Political Hip Hop, Jazz Rap",85,21,"Amazon, Spotify"
SPRINTS,Letter To Self,2024-01-05,2024,1.0,"Post-Punk, Garage Punk Noise Rock, Alternative Rock",85,21,"Amazon, Amazon (Vinyl), Apple Music, Spotify"
Converge,All We Love We Leave Behind,2012-10-09,2012,10.0,"Metalcore Post-Hardcore, Mathcore, Sludge Metal",85,20,"Amazon, Apple Music, Bandcamp, Spotify"
Low,Double Negative,2018-09-14,2018,9.0,"Ambient Pop, Glitch Pop Drone, Post-Industrial, Electroacoustic, Dream Pop",83,27,"Amazon, Amazon (Vinyl), Bandcamp, Spotify"
Burial,Kindred,2012-02-12,2012,2.0,Future Garage Ambient House,85,19,"Amazon, Apple Music, Spotify"
Underworld,dubnobasswithmyheadman,1994-01-24,1994,1.0,"Techno, Progressive House Tech Trance, Trance, Downtempo",89,7,"Amazon, Spotify"
Just Mustard,Heart Under,2022-05-27,2022,5.0,"Shoegaze, Noise Rock, Post-Punk Dream Pop, Gothic Rock, Post-Industrial",85,19,"Amazon, Apple Music, Bandcamp, Spotify"
Nourished By Time,The Passionate Ones,2025-08-22,2025,8.0,"Bedroom Pop, Alternative R&B Hypnagogic Pop, Synthpop, UK Street Soul, Neo-Soul, Sophisti-Pop",86,16,"Amazon, Amazon (Vinyl), Apple Music, Bandcamp, Spotify"
The Weather Station,Ignorance,2021-02-05,2021,2.0,"Art Pop, Sophisti-Pop, Chamber Pop",85,24,"Amazon, Amazon (Vinyl), Apple Music, Spotify"
Rolling Stones,Exile on Main St.,1972-05-12,1972,5.0,"Blues Rock, Roots Rock Rock & Roll, Country Blues, Rhythm and Blues",90,6,"Amazon, Apple Music, Spotify"
Joni Mitchell,The Hissing of Summer Lawns,1975-11-08,1975,11.0,"Singer-Songwriter, Jazz Pop Art Pop, Folk Pop, Soft Rock",90,6,"Amazon, Apple Music, SoundCloud, Spotify"
Tortoise,Millions Now Living Will Never Die,1996-01-30,1996,1.0,"Post-Rock, Experimental Rock Electronic, Krautrock, Minimalism, Math Rock",90,6,"Amazon, Bandcamp, Spotify"
Brian Eno,Ambient 1: Music For Airports,,1979,,"Ambient, Minimalism Choral, Tape Music",90,6,"Amazon, Apple Music, Spotify"
Flying Lotus,You're Dead!,2014-10-07,2014,10.0,"Wonky, Jazz Fusion, Nu Jazz Experimental Hip Hop, Glitch Hop, Instrumental Hip Hop, Neo-Psychedelia, Avant-Garde Jazz",85,42,"Amazon, Apple Music, Spotify"
D'Angelo,Brown Sugar,1995-07-03,1995,7.0,"Neo-Soul Smooth Soul, Contemporary R&B, Trip Hop, Hip Hop Soul",90,6,"Amazon, Apple Music, SoundCloud, Spotify"
St. Vincent,All Born Screaming,2024-04-26,2024,4.0,"Art Rock, Neo-Psychedelia Industrial Rock, Art Pop, Alternative Dance",85,36,"Amazon, Amazon (Vinyl), Apple Music, Bandcamp, SoundCloud, Spotify"
Arooj Aftab,Night Reign,2024-05-31,2024,5.0,"Chamber Jazz, Chamber Folk Ghazal, Qawwali, ECM Style Jazz, Dark Jazz",86,14,"Amazon, Apple Music, Spotify"
Uniform,American Standard,2024-08-23,2024,8.0,"Sludge Metal, Noise Rock, Industrial Metal Atmospheric Sludge Metal, Pigfuck, Drone Metal",87,11,"Amazon, Amazon (Vinyl), Apple Music, Bandcamp, Spotify"
Grandaddy,The Sophtware Slump,2000-05-29,2000,5.0,"Indie Rock, Indie Pop Indietronica, Neo-Psychedelia, Space Rock Revival, Art Rock",87,10,"Amazon, Spotify"
Destroyer,Kaputt,2011-01-25,2011,1.0,"Sophisti-Pop Indie Pop, Art Pop, Soft Rock",85,30,"Amazon, Spotify"
Björk,Vulnicura,2015-01-20,2015,1.0,"Art Pop, Electronic Ambient Pop, Glitch Pop, Chamber Pop, Progressive Pop",85,43,"Amazon, Amazon (Vinyl), Apple Music, Bandcamp, Spotify"
Sharon Van Etten,Remind Me Tomorrow,2019-01-18,2019,1.0,"Indie Pop, Synthpop Art Pop, Indietronica",85,47,"Amazon, Amazon (Vinyl), Apple Music, Spotify"
Ice Cube,Death Certificate,1991-10-29,1991,10.0,"West Coast Hip Hop, Political Hip Hop, Gangsta Rap Boom Bap, Conscious Hip Hop, Hardcore Hip Hop, G-Funk",89,7,"Amazon, Apple Music, Spotify"
Ali Farka Touré,Savane,2006-07-25,2006,7.0,Blues,87,11,"Amazon, Spotify"
The Bug,Fire,2021-08-27,2021,8.0,"Grime, UK Bass, Dubstep Ambient Dub, Illbient, Post-Industrial",86,13,"Amazon, Apple Music, Spotify"
Sunn O))),Black One,2005-10-03,2005,10.0,"Drone Metal, Dark Ambient, Drone Noise, Black Ambient, Black Noise, Black Metal",90,6,"Amazon, Bandcamp, SoundCloud, Spotify"
Pallbearer,Heartless,2017-03-24,2017,3.0,"Doom Metal Progressive Metal, Traditional Doom Metal",85,18,"Amazon, Spotify"
Amaarae,Fountain Baby,2023-06-09,2023,6.0,"Afrobeats, Alternative R&B Dance-Pop, Neo-Psychedelia, Amapiano",87,10,"Amazon, Apple Music, Spotify"
The Strokes,Is This It,2001-07-30,2001,7.0,"Garage Rock Revival, Indie Rock Post-Punk Revival",86,18,"Amazon, Amazon (Vinyl), Apple Music, SoundCloud, Spotify"
Sunn O))),Monoliths and Dimensions,2009-05-26,2009,5.0,"Drone Metal, Drone Dark Ambient, Plainsong",85,17,"Amazon, Bandcamp, Spotify"
Haken,Virus,2020-07-24,2020,7.0,"Progressive Metal Djent, Progressive Rock",89,7,"Amazon, Amazon (Vinyl), Apple Music, Spotify"
Annie & the Caldwells,Can't Lose My (Soul),2025-03-21,2025,3.0,"Progressive Soul Funk, Gospel",89,7,"Amazon, Apple Music, Bandcamp, Spotify"
Kali Uchis,Isolation,2018-04-06,2018,4.0,"Neo-Soul, Contemporary R&B Synth Funk, Psychedelic Soul, Alternative R&B",85,24,"Amazon, Amazon (Vinyl), Apple Music, Spotify"
HAIM,Women in Music Pt. III,2020-06-26,2020,6.0,"Soft Rock, Indie Pop Indie Folk, Sophisti-Pop",85,39,"Amazon, Amazon (Vinyl), Apple Music, Spotify"
Massive Attack,Mezzanine,1998-04-20,1998,4.0,"Trip Hop Post-Industrial, Dub, Illbient, Industrial Rock",87,10,"Amazon, Apple Music, SoundCloud, Spotify"
Bob Dylan,Time Out of Mind,1997-09-30,1997,9.0,"Singer-Songwriter Blues Rock, Country Blues",87,10,"Amazon, Spotify"
U.S. Girls,In a Poem Unlimited,2018-02-16,2018,2.0,"Psychedelic Pop, Neo-Psychedelia, Art Pop Alternative Dance, Hypnagogic Pop, Space Disco",85,27,"Amazon, Amazon (Vinyl), Apple Music, Spotify"
Yard Act,The Overload,2022-01-21,2022,1.0,"Post-Punk Spoken Word, Art Punk, Dance-Punk, Experimental Rock",85,31,"Amazon, Amazon (Vinyl), Apple Music, Spotify"
The Smile,A Light for Attracting Attention,2022-05-13,2022,5.0,"Art Rock Krautrock, Math Rock, Chamber Pop, Jazz-Rock, Post-Punk",85,30,"Amazon, Amazon (Vinyl), Apple Music, Bandcamp, Spotify"
Wednesday,Bleeds,2025-09-19,2025,9.0,"Alt-Country, Slacker Rock Noise Rock, Noise Pop, Folk Rock",85,24,"Amazon, Amazon (Vinyl), Apple Music, Bandcamp, Spotify"
Wednesday,Rat Saw God,2023-04-07,2023,4.0,"Indie Rock, Alt-Country, Noise Rock Noise Pop, Slacker Rock, Shoegaze",85,20,"Amazon, Amazon (Vinyl), Apple Music, Bandcamp, Spotify"
Cassandra Jenkins,"My Light, My Destroyer",2024-07-12,2024,7.0,"Indie Rock, Singer-Songwriter, Sophisti-Pop Art Pop, Field Recordings, Dream Pop",85,22,"Amazon, Amazon (Vinyl), Apple Music, Bandcamp, Spotify"
Iron & Wine,The Shepherd's Dog,2007-09-25,2007,9.0,"Indie Folk, Singer-Songwriter, Contemporary Folk, Americana Alt-Country, Psychedelic Folk",85,25,"Amazon, SoundCloud, Spotify"
Converge,Love Is Not Enough,2026-02-13,2026,2.0,"Metalcore Mathcore, Sludge Metal, Hardcore Punk",87,13,"Amazon, Amazon (Vinyl), Apple Music, Bandcamp, SoundCloud, Spotify"
Stars of the Lid,And Their Refinement of the Decline,2007-04-07,2007,4.0,"Ambient, Drone Minimalism",87,10,"Amazon, Apple Music, Bandcamp, Spotify"
Leonard Cohen,I'm Your Man,1988-02-02,1988,2.0,"Singer-Songwriter, Sophisti-Pop Synthpop",91,5,"Amazon, Apple Music, Spotify"
Ezra Furman,Transangelic Exodus,2018-02-09,2018,2.0,Indie Rock,85,28,"Amazon, Spotify"
Jessie Ware,What's Your Pleasure?,2020-06-26,2020,6.0,"Dance-Pop, Disco Synthpop, Synth Funk, Smooth Soul, Nu-Disco",85,28,"Amazon, Amazon (Vinyl), Apple Music, SoundCloud, Spotify"
Destroyer,Destroyer's Rubies,2006-02-21,2006,2.0,"Indie Rock Indie Folk, Singer-Songwriter, Progressive Pop, Art Rock",85,16,"Amazon, Spotify"
Sleater-Kinney,The Woods,2005-05-24,2005,5.0,"Indie Rock Garage Punk, Heavy Psych, Noise Rock",85,19,"Amazon, Amazon (Vinyl), Apple Music, Spotify"
Modest Mouse,The Lonesome Crowded West,1997-11-18,1997,11.0,"Indie Rock Post-Hardcore, Midwest Emo, Slacker Rock, Alt-Country",88,8,"Amazon, Apple Music, Bandcamp, Spotify"
Nearly God,Nearly God,1996-04-29,1996,4.0,"Trip Hop, Post-Industrial Experimental Hip Hop, UK Hip Hop, Dark Ambient",88,8,Amazon
Susanne Sundfør,Ten Love Songs,2015-02-16,2015,2.0,"Art Pop, Synthpop Chamber Pop, Electropop, Baroque Pop",88,8,"Amazon, Apple Music, Spotify"
Arthur Russell,Picture of Bunny Rabbit,2023-06-23,2023,6.0,"Ambient Pop, Avant-Folk Electroacoustic, Post-Minimalism, Psychedelic Folk",88,8,"Amazon, Amazon (Vinyl), Apple Music, Bandcamp, Spotify"
SAULT,Nine,2021-06-25,2021,6.0,"Neo-Soul Contemporary R&B, Funk, UK Hip Hop",86,14,Amazon
Grimes,Art Angels,2015-11-06,2015,11.0,"Electropop, Synthpop Alternative Dance, Alt-Pop, Dance-Pop, New Rave, Art Pop",85,37,"Amazon, Amazon (Vinyl), Apple Music, Spotify"
Ethel Cain,Preacher's Daughter,2022-05-12,2022,5.0,"Slowcore, Singer-Songwriter, Dream Pop Americana, Post-Rock, Ethereal Wave",85,17,"Amazon, Apple Music, SoundCloud, Spotify"
Nick Cave & The Bad Seeds,Abattoir Blues / The Lyre Of Orpheus,2004-09-20,2004,9.0,"Art Rock, Alternative Rock Gospel, Punk Blues",85,21,"Amazon, Amazon (Vinyl), Apple Music, Spotify"
The Flaming Lips,Yoshimi Battles the Pink Robots,2002-07-16,2002,7.0,"Neo-Psychedelia, Psychedelic Pop Space Rock Revival, Dream Pop, Progressive Pop, Indietronica",85,16,"Amazon, Apple Music, SoundCloud, Spotify"
Future of the Left,How To Stop Your Brain In An Accident,2013-10-21,2013,10.0,"Post-Hardcore, Noise Rock Post-Punk, Sasscore, Pigfuck",85,15,"Amazon, Bandcamp, Spotify"
SOPHIE,OIL OF EVERY PEARL'S UN-INSIDES,2018-06-15,2018,6.0,"Bubblegum Bass, Deconstructed Club Art Pop, Glitch Pop, Wonky, Post-Industrial, Hyperpop",85,24,"Amazon, Amazon (Vinyl), Apple Music, Bandcamp, SoundCloud, Spotify"
The Avalanches,Since I Left You,2000-11-27,2000,11.0,"Sampledelia, Plunderphonics, Instrumental Hip Hop Nu-Disco",85,16,"Amazon, Apple Music, SoundCloud, Spotify"
Behemoth,The Satanist,2014-02-03,2014,2.0,Blackened Death Metal,86,13,"Amazon, Bandcamp, Spotify"
Bob Vylan,Bob Vylan Presents The Price Of Life,2022-04-22,2022,4.0,"Punk Rock, UK Hip Hop, Political Hip Hop, Hardcore Hip Hop Conscious Hip Hop, Grime, Hardcore Punk, Rap Rock",85,16,"Amazon, Amazon (Vinyl), Apple Music, Bandcamp, Spotify"
Daughters,You Won't Get What You Want,2018-10-26,2018,10.0,"Noise Rock, Industrial Rock Post-Hardcore",85,15,"Amazon, Amazon (Vinyl), Apple Music, Bandcamp, Spotify"
Julia Jacklin,Crushing,2019-02-22,2019,2.0,"Indie Folk, Singer-Songwriter Indie Rock, Slowcore",84,32,"Amazon, Amazon (Vinyl), Apple Music, Spotify"
JPEGMAFIA & Danny Brown,SCARING THE HOES,2023-03-24,2023,3.0,"Experimental Hip Hop, Hardcore Hip Hop, Glitch Hop Industrial Hip Hop, Jazz Rap",85,14,"Amazon, Amazon (Vinyl), Apple Music, Bandcamp, SoundCloud, Spotify"
Ali Farka Touré & Toumani Diabaté,Ali & Toumani,2010-02-23,2010,2.0,Mande Music,86,11,Amazon
David Bowie,Lodger,1979-05-18,1979,5.0,"Art Rock New Wave, Experimental Rock, Post-Punk, Art Pop",91,5,"Amazon, Apple Music, SoundCloud, Spotify"
Fleetwood Mac,Tusk,1979-10-12,1979,10.0,"Soft Rock, Pop Rock Country Rock, Art Rock, Folk Pop",91,5,"Amazon, Spotify"
The Wonder Years,The Greatest Generation,2013-05-14,2013,5.0,"Pop Punk, Emo-Pop Melodic Hardcore, Post-Hardcore",91,5,"Amazon, Bandcamp, Spotify"
The National,Boxer,2007-05-22,2007,5.0,"Indie Rock, Post-Punk Revival Chamber Pop",84,26,"Amazon, Amazon (Vinyl), Spotify"
Parquet Courts,Wide Awake!,2018-05-18,2018,5.0,"Indie Rock, Art Punk, Post-Punk Dance-Punk, New Wave, Garage Rock Revival",84,36,"Amazon, Amazon (Vinyl), Apple Music, Spotify"
Hamish Hawk,Angel Numbers,2023-02-03,2023,2.0,"Singer-Songwriter, Indie Rock Chamber Pop, Art Pop",87,9,"Amazon, Amazon (Vinyl), Apple Music, Spotify"
Sharon Van Etten,Are We There,2014-05-27,2014,5.0,"Singer-Songwriter, Indie Rock Indie Folk, Indie Pop",84,38,"Amazon, Spotify"
Perfume Genius,Too Bright,2014-09-23,2014,9.0,"Art Pop, Singer-Songwriter Chamber Pop, Synthpop",84,36,"Amazon, Apple Music, Spotify"
Baroness,Gold & Grey,2019-06-14,2019,6.0,"Stoner Metal, Stoner Rock Heavy Psych, Progressive Rock, Progressive Metal",85,21,"Amazon, Amazon (Vinyl), Spotify"
Code Orange,Underneath,2020-03-13,2020,3.0,"Metalcore, Industrial Metal, Alternative Metal Glitch, Nu-Metalcore",85,17,"Amazon, Amazon (Vinyl), Apple Music, Spotify"
Jessie Ware,That! Feels Good!,2023-04-28,2023,4.0,"Dance-Pop, Disco Boogie, Funk, Pop Soul, Diva House",84,26,"Amazon, Amazon (Vinyl), Apple Music, SoundCloud, Spotify"
